"PARTE","NOMBRE","Fecha de Inicio Incendio","Concejo_","Localidad","MEDIOS","Lote","Lote Movilización","Lote Llegada Incendio","Estado Actual","IGP","Hora Última Valoración Incendio","Observaciones","A Revisar Por:","Latitud","Longitud","Superficie","Modificado","Modificado por"
"1162-04042026","Incendio Forestal","04/04/2026 21:31","Belmonte de Miranda","Antoñana","Bomberos La Morgal y de Proaza, Brif Laza, Lotes 19 y 32","[""Lote 19"",""Lote 32""]","05/04/2026 13:12",,"Activo",,"07/04/2026 15:53",,"Bomberos","43.200922","-6.61406",,"07/04/2026 21:22","SALA 112"
"0883-05042026","Incendio Forestal","05/04/2026 19:01","Allande","Bustantigo/Leirosa y Paradiella (Tineo). ","Efectivos de los parques de Grandas de Salime, Tebongo y Tineo. BRIF.","[""Lote 14"",""Lote 9""]",,,"Activo","Bajo (0)","07/04/2026 14:53",,"Nadie","43.347927","-6.69096",,"07/04/2026 20:21","SALA 112"
"0701-06042026","Incendio Forestal en Tineo","06/04/2026 18:31","Tineo","Recta de la Vega. ","Bomberos Tineo, Cangas Narcea y de San Martín del Rey Aurelio. ","[""Lote 6""]",,,"Activo",,"07/04/2026 15:33",,"Bomberos","43.339955","-6.4745",,"07/04/2026 21:23","SALA 112"
"0864-06042026","Incendio Forestal en Cabrales","06/04/2026 21:31","Cabrales","Asiego/ Puertas ","Efectivos del parque de bomberos de Llanes. ",,,,"Activo",,"06/04/2026 23:27",,"Guardería","43.255712","-4.82961","2","07/04/2026 22:11","SALA 112"
"0010-07042026","Incendio Forestal en CEBIA","07/04/2026 00:31","Cangas de Onís","Cebia","Efectivos del parque de Bomberos de Cangas de Onís. ",,,,"Activo","Alto (2)","07/04/2026 21:19","Inaccesible",,"43.394664","-5.07838",,"07/04/2026 22:29","SALA 112"
"0024-07042026","Incendio Forestal en LA CEREZAL","07/04/2026 00:46","Llanes","La Cerezal","Bomberos Llanes, Lote 29","[""Lote 29""]",,,"Activo",,"07/04/2026 13:13",,"Bomberos","43.428479","-4.80686",,"07/04/2026 15:56","CAROLINA SECADES CARRILLO"
"0495-07042026","Incendio Forestal en PURÓN (Llanes ) ","07/04/2026 15:46","Llanes","Purón","Bomberos Llanes",,,,"Activo",,"07/04/2026 17:42",,,"43.384758","-4.70884",,"07/04/2026 15:58","CAROLINA SECADES CARRILLO"
"0526-07042026","Incendio Forestal en NORIEGA (Ribadedeva ) ","07/04/2026 16:16","Ribadedeva","Noriega","Bomberos del parque de Llanes. ",,,,"Activo",,"07/04/2026 18:13","SE ANULA LA SALIDA A BBS C.ONIS",,"43.363939","-4.57276",,"07/04/2026 16:44","SALA 112"
"0551-07042026","Incendio Forestal en RIERA (LA) (Cangas de Onís ) ","07/04/2026 16:46","Cangas de Onís","La Riera. ","Bomberos del parque de Cangas de Onís. ",,,,"Activo",,"07/04/2026 18:41","Se moviliza al coordinador de guardería. ",,"43.324436","-5.07861",,"07/04/2026 17:12","SALA 112"
"0615-07042026","Incendio Forestal en SAN PEDRO (Piloña ) ","07/04/2026 18:01","Piloña","San Pedro_Cadanes y Valles_Monte Cayón_Villamayor. ","Efectivos de los parques de Piloña y de Cangas de Onís, Lote 22. ",,,,"Activo",,"07/04/2026 19:53","Ve una columna de humo en la zona de San Pedro desde Argandenes. Zona de cotoya, robles y algún eucalipto. Se desconoce si hay animales cerca. ",,"43.366861","-5.33219",,"07/04/2026 21:54","SALA 112"
"0636-07042026","Incendio Forestal en CIGÜEDRES (Belmonte de Miranda ) ","07/04/2026 18:16","Belmonte de Miranda","Cigüedres","PTE GMN VUELVA A LLAMAR",,,,"Activo",,"07/04/2026 20:01","GMN AVISA DE INCENDIO FORESTAL.ZONA DE PASTIZALES Y MONTE. ENTRE CARRETERA DE ACCESO AL PUEBLO Y ZONA DE BRAÑAS. PENDIENTE VUELVA A LLAMAR. LO VE DESDE DOLIA.","Guardería","43.228865","-6.27163",,"07/04/2026 22:01","SALA 112"
"0625-07042026","Incendio Forestal en AMBRES (Cangas del Narcea ) ","07/04/2026 18:16","Cangas del Narcea","Ambres","PDTE",,,,"Activo",,"07/04/2026 20:00","ESTA QUEMANDO MATORRAL 1 HA   NO REVISTE GRAVEDAD  ESTA EN ZONA DE PASTIZALES PERO HAY CONTINUIDAD DE MATORRAL",,"43.174164","-6.40028",,"07/04/2026 22:02","SALA 112"
"0623-07042026","Incendio Forestal en ARENAS (LAS) (Cabrales ) ","07/04/2026 18:16","Cabrales","Al sur de la localidad de Las Arenas. ","Efectivos del parque de Bomberos de Cangas de Onís. ",,,,"Activo",,"07/04/2026 20:10","SE INFORMA A JZ",,"43.303125","-4.81685",,"07/04/2026 22:02","SALA 112"
"0736-07042026","Incendio Forestal en RIOFABAR (Piloña ) ","07/04/2026 20:01","Piloña","Riofabar. ","Efectivos del parque de Bomberos de Piloña y Lote 26. ","[""Lote 26""]",,,"Activo",,"07/04/2026 21:58","SE AVISA A COORDINADOR GUARDERÍA",,"43.278892","-5.35238",,"07/04/2026 21:51","SALA 112"
"0820-07042026","Incendio Forestal en SAN ROQUE DEL ACEBAL (Llanes ) ","07/04/2026 21:31","Llanes","Por encima del cementerio de San Roque del Acebal. ","Efectivos del parque de bomberos de Llanes. ",,,,"Activo",,"07/04/2026 23:15",,,"43.395278","-4.73612",,"07/04/2026 22:09","SALA 112"
"0859-07042026","Incendio Forestal en ABEO (Ribadesella ) ","07/04/2026 22:01","Ribadesella","Abeo.","Efectivos del parque de bomberos de Villaviciosa. ",,,,"Activo",,"07/04/2026 23:58",,,"43.469144","-5.11138",,"07/04/2026 22:10","SALA 112"
"0912-06042026","Incendio Forestal en TABLADO DE VILLACIBRÁN (Cangas del Narcea ) ","06/04/2026 22:16","Cangas del Narcea","Villacibrán",,,,,"Controlado","Bajo (0)","06/04/2026 23:55",,"Bomberos","43.200922","-6.61406","30","07/04/2026 15:50","CAROLINA SECADES CARRILLO"
"0994-06042026","Incendio Forestal en San Román (Amieva ) ","06/04/2026 23:46","Amieva","San Román","Bomberos Cangas de Onís, Brif Tabuyo, pendiente empresa",,,,"Controlado","Bajo (0)","07/04/2026 08:34",,,"43.25703","-5.08901",,"07/04/2026 15:31","CAROLINA SECADES CARRILLO"
"0206-07042026","Incendio Forestal en CARANGAS (Ponga ) ","07/04/2026 10:01","Ponga","Carangas",,,,,"Controlado",,"07/04/2026 11:45",,"Guardería","43.225096","-5.19126",,"07/04/2026 21:34","SALA 112"
"0230-07042026","Incendio Forestal en CARAVES (Peñamellera Alta ) ","07/04/2026 10:31","Peñamellera Alta","Caraves",,,,,"Controlado",,"07/04/2026 12:26",,"Guardería","43.316467","-4.72755",,"07/04/2026 21:35","SALA 112"
"0354-07042026","Incendio Forestal","07/04/2026 13:16","Parres","Tospe",,,,,"Controlado","Bajo (0)","07/04/2026 15:03",,,"43.325783","-5.23904",,"07/04/2026 15:51","CAROLINA SECADES CARRILLO"
"0728-06042026","Incendio Forestal en PRADIELLA (Allande ) ","06/04/2026 19:01","Allande","Lantigo","Bomberos Cangas del Narcea","[""Lote 10""]",,,"Estabilizado",,"07/04/2026 13:22","Humeando en el centro",,"43.239893","-6.61757",,"07/04/2026 15:28","CAROLINA SECADES CARRILLO"
"0824-06042026","Incendio Forestal en ORTIGUERO (CABRALES ) ","06/04/2026 20:46","Cabrales","Ortiguero, Las Estazadas",,"[""Lote 4""]",,,"Estabilizado","Moderado (1)","07/04/2026 07:45",,,"43.329304","-4.95847",,"07/04/2026 15:43","CAROLINA SECADES CARRILLO"
"0739-27032026","Incendio Forestal en NOCEDA DE RENGOS (Cangas del Narcea ) ","31/03/2026 16:46","Cangas del Narcea",,,,,,"Extinguido",,"31/03/2026 18:28","BRIPA DE SUROCCIDENTE SOLICITA HABLAR CON OTRO ALERTANTE  SE TRANSFIERE",,"43.035276","-6.57251",,"31/03/2026 23:10","ADRIAN CASTRO LEIVA"
"0486-01042026","Incendio Forestal en Cudillero","01/04/2026 17:16","Cudillero",,,,,,"Extinguido",,"01/04/2026 19:11",,,"43.568551","-6.24822",,"01/04/2026 19:02","SALA 112"
"0868-01042026","Incendio Forestal en GIJÓN (Gijón ) ","01/04/2026 23:46","Gijón",,"BB. GIJON",,,,"Extinguido",,"02/04/2026 01:34","CREEN QUE HAY UN INCENDIO. NO VEN LLAMAS. NO SABE UBICACION",,"43.538926","-5.66572",,"02/04/2026 03:09","SALA 112"
"0744-02042026","Incendio Forestal en Oviedo","02/04/2026 17:31","Oviedo",,,,,,"Extinguido",,"02/04/2026 19:27","INFORMADO COORD.GUARDERÍA DE MEDIO AMBIENTE",,"43.35693","-5.87486",,"02/04/2026 22:49","SALA 112"
"0788-02042026","Incendio Forestal en POLA DE LENA (Lena ) ","02/04/2026 18:16","Lena",,"2 BB MIERES 71490",,,,"Extinguido",,"02/04/2026 20:10","SE INFORMA A GUARDA MEDIO AMBIENTE",,"43.160115","-5.82892",,"02/04/2026 22:49","SALA 112"
"0988-02042026","Conato en GRANDA (Siero ) ","02/04/2026 21:16","Siero",,"BB MORGAL",,,,"Extinguido",,"02/04/2026 23:13","COS ASTURIAS TIENE LAS PATRULLAS OCUPADAS  NO PUEDE ACERCAR NINGUNA A LA INTERVENCIÓN: PIDEN ALERTAR A PL",,"43.381081","-5.7824",,"02/04/2026 22:48","SALA 112"
"0157-03042026","Incendio Forestal en SIERO (Cangas del Narcea ) ","03/04/2026 08:01","Cangas del Narcea","SIERO","
",,,,"Extinguido","Moderado (1)","03/04/2026 17:30","QUEMAN 5 HAS DE MONTE BAJO",,"43.082684","-6.47802","5","03/04/2026 20:16","SALA 112"
"0418-03042026","CONATO","03/04/2026 11:46","Tineo","ORDIAL DE LA BARCA","GF TINEO",,,,"Extinguido",,"04/04/2026 20:14","GF TINEO INFORMA QUE QUEMA MATORRAL ENTRE PRADOS Y CARRETERA QUE NO VA A NINGÚN LADO Y NO SE NECESITAN MEDIOS   ES POCA COSA.
GUARDA NO RESPONDE EN TODA LA TARDE A VARIAS LLAMADAS HECHAS DESDE EL 112","Nadie","43.325053","-6.35545",,"04/04/2026 20:17","SALA 112"
"0530-03042026","Incendio Forestal en GIJÓN (Gijón ) ","03/04/2026 13:16","Gijón",,,,,,"Extinguido",,"03/04/2026 15:10","PL NO CONTESTA.",,"43.538926","-5.66572",,"03/04/2026 14:00","SALA 112"
"0648-03042026","Incendio Forestal en Oviedo","03/04/2026 14:46","Oviedo",,,,,,"Extinguido",,"03/04/2026 16:42",,,"43.35693","-5.87486",,"03/04/2026 23:40","SALA 112"
"0685-03042026","INCENDIO FORESTAL","03/04/2026 15:28","PILOÑA","PUENTE MIERA, PRAERES DE NAVA",,,,,"Extinguido",,"03/04/2026 19:57","QUEMAN 18 HAS DE MATORRAL Y 2 DE ARBOLADO DISPERSO",,,,"20","03/04/2026 20:09","SALA 112"
"0948-03042026","INCENDIO FORESTAL","03/04/2026 19:06","BELMONTE DE MIRANDA","SAN MARTIN DE ONDES",,,,,"Extinguido","Bajo (0)","03/04/2026 19:07",,,"43.291569","-5.42479",,"03/04/2026 23:48","SALA 112"
"0703-03042026","INCENDIO FORESTAL","03/04/2026 15:51","PROAZA","LINARES",,,,,"Extinguido",,"03/04/2026 19:36",,"Guardería",,,,"04/04/2026 01:33","SALA 112"
"0757-03042026","Incendio Forestal en CERREDO (Degaña ) ","03/04/2026 16:46","Degaña","CERREDO",,,,,"Extinguido","Moderado (1)","03/04/2026 20:17","QUEMA 1 HA DE MATORRAL ALREDEDOR DE UNA MINA.  REVISAR MAÑANA POR AUX DE IBIAS","Bomberos","42.946692","-6.4896","1","03/04/2026 20:44","SALA 112"
"0903-03042026","INCENDIO FORESTAL","03/04/2026 18:42","LENA","PIÑERA / LA CRUZ",,,,,"Extinguido",,"03/04/2026 20:19","SE APAGÓ SOLO, QUEMÓ PRADO SIN IMPORTANCIA",,,,,"03/04/2026 21:34","SALA 112"
"0795-03042026","CONATO","03/04/2026 17:11","TEVERGA","SAN MARTIN",,,,,"Extinguido","Bajo (0)","03/04/2026 17:54","QUEMAN 50 METROS CUADRADOS DE MATORRAL",,,,,"03/04/2026 18:45","SALA 112"
"0910-03042026","INCENDIO FORESTAL","03/04/2026 18:54","PILOÑA","MELARDE",,,,,"Extinguido","Bajo (0)","03/04/2026 20:03","QUEMAN 2 HAS  HOJARASCA CON HELECHO Y ALGO DE ARBOLADO",,,,"2","03/04/2026 20:13","SALA 112"
"0953-03042026","INCENDIO FORESTAL","03/04/2026 19:16","QUIRÓS","SALCEDO","GF",,,,"Extinguido",,"03/04/2026 20:16","PARECE QUE PUEDE APAGARSE SOLO, INFORMA Y VIGILA EL GUARDA DE LA ZONA",,,,,"03/04/2026 20:19","SALA 112"
"1067-03042026","INCENDIO FORESTAL","03/04/2026 21:04","PROAZA","SERANDI","BBS DE PROAZA LO VIGILAN DESDE EL PARQUE",,,,"Extinguido",,"03/04/2026 21:04",,,,,,"04/04/2026 01:52","SALA 112"
"1075-03042026","Conato en Valderrey  ( León ) ","03/04/2026 21:16","Valderrey",,,,,,"Extinguido",,"03/04/2026 23:07","LA HAN AVISADO QUE HUBO UN INCENDIO EN UNA FINCA ALEADAÑA A LA SUYA Y CREEN QUE FUE PROVOCADO. SE TRANSFIERE CON 112 CYL.",,,,,"03/04/2026 23:42","SALA 112"
"1122-03042026","INCENDIO FORESTAL","03/04/2026 21:35","OVIEDO","TRUBIA","BBS DE OVIEDO",,,,"Extinguido",,"03/04/2026 21:40","ENTRE TRUBIA Y PREMOÑO",,,,,"03/04/2026 23:44","SALA 112"
"1106-03042026","Incendio Forestal en Villamanín  ( León ) ","03/04/2026 21:46","Villamanín",,,,,,"Extinguido",,"03/04/2026 23:24","VE LLAMAS CERCA DE LA CARRETERA. JUSTO DONDE ESTA EL. SE TRANSFIERE CON 112 CYL.",,,,,"03/04/2026 23:43","SALA 112"
"0757-03/04/2026","INCENDIO FORESTAL","03/04/2026 23:50","DEGAÑA","CERREDO, DETRAS DEL BARRIO LOS TACHO",,,,,"Extinguido","Moderado (1)","03/04/2026 23:50","Alertante dice que ve brasas y hay aire.",,,,,"04/04/2026 06:19","SALA 112"
"0703-03042026","Incendio Foresta","03/04/2026 01:53","Proaza","Linares",,,,,"Extinguido",,"04/04/2026 01:53","Revisar mañana por el guarda","Guardería",,,,"04/04/2026 11:24","SALA 112"
"0534-04042026","Incendio Forestal en CARRALUZ (Lena ) ","04/04/2026 13:01","Lena",,"BB02 +77123 2 BBS MORGAL",,,,"Extinguido",,"04/04/2026 14:57","SE INFORMA A COORDINADOR GUARDERÍA",,"43.066665","-5.82184",,"04/04/2026 14:20","SALA 112"
"0602-04042026","Incendio Forestal en CUERRIAS (MAZA) (Piloña ) ","04/04/2026 13:46","Piloña","CUERRIAS DE MAZA",,,,,"Extinguido",,"04/04/2026 17:09","QUEMAN 3 HAS. Y MEDIA DE MONTE BAJO",,"43.318018","-5.44366",,"04/04/2026 19:38","SALA 112"
"0571-04042026","CONATO","04/04/2026 13:46","Siero","HEVIA","2 BBS MORGAL - 71190---RETIRANDO",,,,"Extinguido",,"04/04/2026 15:20","QUEMÓ MENOS DE 1 HA DE HOJARASCA",,"43.35689","-5.70008",,"04/04/2026 15:35","SALA 112"
"0631-04042026","Incendio Forestal en SANTIANES (Grado ) ","04/04/2026 14:16","Grado","TEJEDO","GF DICE QUE EL INCENDIO ESTA EXTINGUIDO",,,,"Extinguido",,"05/04/2026 10:30",,"Guardería","43.296176","-6.15011",,"05/04/2026 10:41","SALA 112"
"0655-04042026","Incendio Forestal en TARANO (EL) (Salas ) ","04/04/2026 14:31","Salas","TARANO",,,,,"Extinguido",,"04/04/2026 17:05","QUEMÓ MEDIA HA DE MATORRAL",,"43.434616","-6.25553",,"04/04/2026 18:51","SALA 112"
"0716-04042026","Incendio Forestal en Amieva","04/04/2026 15:31","Amieva","MOTA CETIN",,,,,"Extinguido",,"04/04/2026 20:00","QUEMAN 2 HAS DE MATORRAL",,"43.282495","-5.19473",,"04/04/2026 20:31","SALA 112"
"0799-04042026","Incendio Forestal en ARECES (Regueras (Las) ) ","04/04/2026 16:46","Regueras (Las)","ARECES",,,,,"Extinguido",,"04/04/2026 21:23","QUEMAN 4 HAS. DE MONTE BAJO",,"43.407096","-5.99625","4","04/04/2026 22:28","SALA 112"
"0828-04042026","Incendio Forestal en Piloña","04/04/2026 17:01","Piloña","BIFORCOS",,,,,"Extinguido",,"04/04/2026 17:45","QUEMAN 5 HAS. DE MONTE BAJO",,"43.31466","-5.32712","5","04/04/2026 19:34","SALA 112"
"0847-04042026","Incendio Forestal en LADINES (Sobrescobio ) ","04/04/2026 17:16","Sobrescobio","LADINES",,,,,"Extinguido","Bajo (0)","04/04/2026 18:54","QUEMÓ MEDIA HA DE ARBUSTO Y MALEZA",,"43.203479","-5.44478","0,5","04/04/2026 18:56","SALA 112"
"1014-04042026","Incendio Forestal en CAMPUETA (LA) (Aller ) ","04/04/2026 19:46","Aller","LA CAMPUETA",,,,,"Extinguido","Bajo (0)","04/04/2026 22:21","QUEMA HOJARASCA",,"43.15177","-5.72693",,"04/04/2026 22:30","SALA 112"
"1061-04042026","Incendio Forestal en LINARES (Proaza ) ","04/04/2026 20:16","Proaza","LINARES","4 BB PROAZA",,,,"Extinguido","Bajo (0)","04/04/2026 21:25",,,"43.280836","-6.02444",,"04/04/2026 21:28","SALA 112"
"1064-04042026","Incendio Forestal en Corvera de Asturias","04/04/2026 20:16","Corvera de Asturias","MOCÍN",,,,,"Extinguido",,"04/04/2026 21:21","QUEMAN 20 METROS DE MATORRAL",,"43.528189","-5.88816",,"04/04/2026 21:31","SALA 112"
"1090-04042026","Incendio Forestal en SERANDI (Proaza ) ","04/04/2026 20:46","Proaza","SERANDI POR ENCIMA DE BUYERA",,,,,"Extinguido",,"04/04/2026 22:03","BBS LO VEN EN ZONA DE PEÑAS SIN PELIGRO. INACCESIBLE","Nadie","43.25597","-5.99375",,"05/04/2026 01:36","SALA 112"
"1145-04042026","Incendio Forestal en MONES (Piloña ) ","04/04/2026 21:16","Piloña","MONES","3 BB PILOÑA",,,,"Extinguido",,"04/04/2026 23:11",,,"43.35966","-5.28617",,"04/04/2026 22:43","SALA 112"
"1153-04042026","Incendio Forestal en VILLAMEJIN (Proaza ) ","04/04/2026 21:31","Proaza","VILLAMEJÍN",,,,,"Extinguido",,"04/04/2026 22:02",,"Nadie","43.239185","-6.01204",,"05/04/2026 00:13","SALA 112"
"1176-04042026","Incendio Forestal en PANDIELLO (Cabrales ) ","04/04/2026 21:47","Cabrales","ASIEGO",,,,,"Extinguido",,"04/04/2026 23:31",,"Bomberos","43.324815","-4.88594",,"05/04/2026 12:09","SALA 112"
"1207-04042026","Incendio Forestal en CASTAÑERA (Belmonte de Miranda ) ","04/04/2026 22:16","Belmonte de Miranda","CASTAÑERA",,,,,"Extinguido",,"05/04/2026 00:09",,"Guardería","43.236232","-6.25103",,"05/04/2026 02:04","SALA 112"
"1217-04042026","Incendio Forestal en LLAMAS (Aller ) ","04/04/2026 22:31","Aller","LLAMAS",,,,,"Extinguido",,"05/04/2026 00:24",,"Guardería","43.106219","-5.57262",,"05/04/2026 05:00","SALA 112"
"1234-04042026","Incendio Forestal en VIO (Siero ) ","04/04/2026 22:46","Siero","VIO, HUERGO, AGUDA, PINZALES",,,,,"Extinguido",,"05/04/2026 00:42","SE INTENTA CONTACTAR CON COORD GUARDERIA SIN RESPUESTA","Nadie","43.44601","-5.73907",,"05/04/2026 02:43","SALA 112"
"0631-04042026","INCENDIO FORESTAL","04/04/2026 23:40","GRADO","SANTIANES",,,,,"Extinguido",,"04/04/2026 23:40",,,,,,"05/04/2026 01:42","SALA 112"
"1014-04042026","INCENDIO FORESTAL","04/04/2026 01:49","ALLER","LA CAMPUETA",,,,,"Extinguido",,"05/04/2026 01:49",,"Nadie",,,,"05/04/2026 02:24","SALA 112"
"1207-04042026","INCENDIO FORESTAL","05/04/2026 12:15","BELMONTE DE MIRANDA","CASTAÑERA",,,,,"Extinguido",,"05/04/2026 12:15",,"Guardería",,,"45","06/04/2026 13:03","SALA 112"
"0481-05042026","Incendio Forestal en CARREÑA (Cabrales ) ","05/04/2026 12:46","Cabrales","CARREÑA",,,,,"Extinguido",,"05/04/2026 13:59","SALEN 2 BB CONIS CON LIGERO Y CORP. 78008. SE LES INDICA  QUE UNA VEZ LLEGUEN AL LUGAR  CREEN NECESARIA LA INTERVENCIÓN DE MEDIOS AÉREOS LOS SOLICITEN.",,"43.316779","-4.84586",,"05/04/2026 18:10","SALA 112"
"0502-05042026","Incendio Forestal EN OTERO (LENA)","05/04/2026 13:16","Lena","OTERO",,,,,"Extinguido",,"05/04/2026 13:28","SE INFORMA A COORDINADOR DE GUARDERIA PARA INCENDIOS",,"43.05213","-5.86644",,"05/04/2026 18:06","SALA 112"
"0540-05042026","Incendio Forestal en PEDREGAL (EL) (Tineo ) ","05/04/2026 13:46","Tineo","EL PEDREGAL",,,,,"Extinguido",,"05/04/2026 14:03","GMA TINEO REPORTA INCENDIO DE UNA EXTENSIÓN DE TERRENO AMPLIA DE MATORRAL. ESTÁ RODEADO DE PRADOS.",,"43.372399","-6.36686","3","06/04/2026 07:45","SALA 112"
"0569-05042026","Incendio Forestal en CARAVES (Peñamellera Alta ) ","05/04/2026 14:31","Peñamellera Alta","CARAVES","2 Bomberos de Llanes. ",,,,"Extinguido",,"06/04/2026 10:23","QUEMA MATORRAL EN ZONA INACCESIBLE SIN EDIFICACIONES","Guardería","43.316467","-4.72755","5","06/04/2026 11:18","SALA 112"
"0681-05042026","Incendio Forestal en Riosa","05/04/2026 16:16","Riosa",,,,,,"Extinguido",,"05/04/2026 18:11","BB MORGAL SALEN 2 CON LIGERO Y URO PEQUEÑA 77123",,"43.222577","-5.88082",,"05/04/2026 19:55","SALA 112"
"0772-05042026","Incendio Forestal en SOTRES (Cabrales ) ","05/04/2026 17:31","Cabrales",,"GUARDERIA DEL PARQUE NACIONAL",,,,"Extinguido",,"05/04/2026 19:15","QUEMA DE ESTIERCOL",,"43.233071","-4.74808",,"05/04/2026 21:37","SALA 112"
"0856-05042026","Incendio Forestal en Cangas del Narcea","05/04/2026 18:31","Cangas del Narcea",,"2 BBS C NARCEA",,,,"Extinguido",,"05/04/2026 20:27",,,"43.200922","-6.61406",,"05/04/2026 22:28","SALA 112"
"0876-05042026","Incendio Forestal en VILLAR (Oviedo)","05/04/2026 18:46","OVIEDO","VILLAR","BOMBEROS DE OVIEDO",,,,"Extinguido",,"05/04/2026 20:40","VE HUMO INCREMENTANDO Y ESCUCHA RUIDO DE FUEGO. ES ZONA DE PRADERA Y A LAS ORILALS DEL CAMINO ARBOLEDA. A 200M DE LAS VIVIENDAS",,"43.408654","-6.94687",,"05/04/2026 21:38","SALA 112"
"0943-05042026","CONATO","05/04/2026 20:01","Regueras (Las)","ENTRE ANIA Y LAZANA",,,,,"Extinguido",,"05/04/2026 23:00","QUEMA MENOS DE 1 HA DE MATORRAL Y ALGO DE ARBOLADO.",,"43.404106","-5.96903","9","06/04/2026 00:38","SALA 112"
"0964-05042026","Incendio Forestal en PAJARES (Lena ) ","05/04/2026 20:16","Lena","PAJARES",,,,,"Extinguido",,"05/04/2026 22:09","AGENTE MEDIO NATURAL SE ENCUENTRA FUERA DE SERVICIO VE I 2 FOCOS EN PAJARES   UNIDOS POR UNA PISTA  LADERA DE MATORRAL. NO GARANTIZA QUE NO HAYA CABAÑA CERCA. PIDE AVISAR AL COS   LA PERSONA ESTA MERODEANDO POR AHI.",,"43.031356","-5.78155",,"06/04/2026 17:32","SALA 112"
"1017-05042026","Incendio Forestal en Zaragoza  ( Zaragoza ) ","05/04/2026 21:16","Zaragoza",,,,,,"Extinguido",,"05/04/2026 23:02","SE TRANSFIERE LLAMADA CON 112 ARAGÓN. YA TIENEN CONOCIMIENTO.",,,,,"05/04/2026 21:40","SALA 112"
"1036-05042026","Incendio Forestal en Villamanín  ( León ) ","05/04/2026 21:31","Villamanín",,,,,,"Extinguido",,"05/04/2026 23:16","INFORMA DE INCENDIO FORESTAL EN ZONA DE HAYEDO POR ENCIMA DEL PUEBLO DE FONTUN TRANSFERIDO CON 112 CYL",,,,,"05/04/2026 21:40","SALA 112"
"1054-05042026","INCENDIO FORESTAL","05/04/2026 21:46","Piloña","COLLADA INCOSA","2 BBS PILOÑA",,,,"Extinguido",,"05/04/2026 00:39","QUEMAN 5 HA DE MATORRAL",,"43.31466","-5.32712","5","06/04/2026 01:39","SALA 112"
"1065-05042026","Incendio Forestal","05/04/2026 21:46","Belmonte de Miranda","TIBLÓS",,,,,"Extinguido",,"05/04/2026 23:18","PEQUEÑO CONATO QUE PARECE INACCESIBLE","Guardería","43.282569","-6.21837",,"06/04/2026 11:10","SALA 112"
"1090-05042026","Incendio Forestal en AVIN (Onís ) ","05/04/2026 22:31","Onís","AVÍN",,,,,"Extinguido",,"06/04/2026 02:55","I.F. CONTROLADO.
FRENTE DE AVÍN EXTINGUIDO.
ACTIVO EN PARTE ALTA ENTRE PEÑAS.
REVISAN BB A LAS 7H AM","Bomberos","43.334779","-4.95161","12","06/04/2026 07:42","SALA 112"
"0010-06042026","CONATO en BUSTIELLO (Grado ) ","06/04/2026 00:16","Grado","BUSTIELLO",,,,,"Extinguido",,"06/04/2026 02:16","HOGUERA MUY PEQUEÑA QUE SE VA EXTINGUIENDO.","Guardería","43.401071","-6.06965",,"06/04/2026 07:52","SALA 112"
"0014-06042026","CONATO EN PICO PEDRORIO","06/04/2026 00:31","BELMONTE DE MIRANDA","SIERRA DEL PEDRORIO","1 BB de Grado. ",,,,"Extinguido",,"06/04/2026 02:17",,"Guardería","43.320529","-6.09706","400","06/04/2026 11:07","SALA 112"
"0126-06042026","Incendio Forestal en IRRONDO DE BESULLO (Cangas del Narcea ) ","06/04/2026 07:01","Cangas del Narcea","Irrondo de Besullo",,,,,"Extinguido","Moderado (1)","07/04/2026 16:27",,,,,,"07/04/2026 17:10","SALA 112"
"0160-06042026","Incendio Forestal en SAN ROMÁN (Amieva ) ","06/04/2026 08:31","Amieva","SAN ROMÁN","2 BBS DE PILOÑA. ",,,,"Extinguido",,"06/04/2026 10:21","GUARDA FORESTAL DE AMIEVA INFORMA DE INCENDIO FORESTAL  LES AVISO LA ALCALDESA. ES POCO  ACABAN DE PRENDER. LOS GUARDAS SE DIRIGEN A LA ZONA",,"43.25703","-5.08901",,"06/04/2026 11:10","SALA 112"
"0238-06042026","Incendio Forestal EN LOREDO","06/04/2026 11:19","GRADO","LOREDO",,,,,"Extinguido","Moderado (1)","06/04/2026 04:30","QUEMA MATORRAL. 
VIGILAN UNA PANERA ",,,,"3","07/04/2026 12:27","CAROLINA SECADES CARRILLO"
"0268-06042026","Incendio forestal","06/04/2026 12:11","Cangas de Onís","Encima del pueblo de Tornín.","2 Bomberos de Cangas de Onís. ",,,,"Extinguido",,"06/04/2026 12:01",,,,,,"06/04/2026 12:12","SALA 112"
"0309-06042026","Incendio Forestal en ILLANO (Illano ) ","06/04/2026 13:30","Illano",,"GF",,,,"Extinguido",,"06/04/2026 14:21","GUARDA QUE IBA A REVISAR EL INCENDIO INFORMA QUE SE LE HA AVERIADO EL COCHE Y NO PUEDE ACERCARSE AL LUGAR.",,"43.333253","-6.8648",,"06/04/2026 17:40","SALA 112"
"0377-06042026","Incendio Forestal en San Martín del Rey Aurelio","06/04/2026 13:30","San Martín del Rey Aurelio",,,,,,"Extinguido",,"06/04/2026 15:04","LO VA DESDE LA RINA  ES MONTE BAJO",,"43.276878","-5.6079",,"06/04/2026 18:32","SALA 112"
"0315-06042026","Incendio Forestal en ALMOÑO (Allande ) ","06/04/2026 13:30","Allande","Almoño","Bomberos Cangas del Narcea","[""Lote 14""]",,,"Extinguido",,"07/04/2026 12:50","PERSONAL TRABAJANDO POR TIERRA EN EL LUGAR. LO LLEVAN MUY BIEN",,"43.208217","-6.60039","50","07/04/2026 12:53","SALA 112"
"0335-06042026","IGP MODERADO en FRESNO (EL) (Grado ) ","06/04/2026 13:30","Grado","El Fresno. ","2 BBS PRAVIA 77125",,,,"Extinguido",,"06/04/2026 15:20","BBS REGANDO EL INCENDIO QUE ESTA EXTINGUIDO",,"43.368885","-6.12361",,"06/04/2026 18:46","SALA 112"
"0403-06042026","Incendio Forestal en VILLAMARÍN (Grado ) ","06/04/2026 13:46","Grado",,,,,,"Extinguido",,"06/04/2026 15:37","BRIPA DE LA MORGAL INFORMA QUE QUEMA MONTE RASO  EN UNA VAGUADA  CON CRESTA ALREDEDOR  HAY UNA PISTA AL LADO   NO HAY PELIGRO PARA EDIFICACIONES  AHORA MISMO NO ES MUY GRANDE. HAY UNAS PISTAS GANADERAS ENTRE VILLAMARÍN Y DOLIA QUE LLEVAN A ÉL",,"43.262478","-6.15677",,"06/04/2026 17:45","SALA 112"
"0482-06042026","Incendio Forestal en TARANES (Ponga ) ","06/04/2026 15:01","Ponga","TARANES",,,,,"Extinguido","Bajo (0)","06/04/2026 16:54","HAN APAGADO UNO DE LOS FRENTES Y EL QUE QUEDA VA PARA ZONA DE DIFICIL PROPAGACION. ESTIMAN EXTINGUIRLO EN BREVE. QUEDA ACTIVO EN ZONA INACCESIBLE QUE REVISARAN PERIODICAMENTE",,"43.200632","-5.21177",,"07/04/2026 11:44","CAROLINA SECADES CARRILLO"
"0580-06042026","Incendio Forestal en MOTOSA (LA) (Piloña ) ","06/04/2026 16:46","Piloña","Motosa, entre Pico Felgueroso y Peña del Águila","Bomberos Piloña, Lote 26","[""Lote 26""]",,,"Extinguido","Moderado (1)","07/04/2026 15:38",,,"43.292566","-5.43169","40","07/04/2026 22:25","SALA 112"
"0610-06042026","Incendio Forestal en RON (San Martín de Oscos ) ","06/04/2026 17:16","San Martín de Oscos","RON","GUARDA MA",,,,"Extinguido",,"06/04/2026 18:59","GUARDERIA DE MEDIO AMBIENTE DE SAN MARTIN DE OSCOS ESTA ARDIENDO UN DESBROCE  LOS VECINOS LO ESTÁN APAGANDO. ESTÁ MEDIO CONTROLADO. NO PRECISAN DE MEDIOS DE BOMBEROS",,"43.277125","-6.94764",,"07/04/2026 11:46","CAROLINA SECADES CARRILLO"
"0648-06042026","Incendio Forestal en RIAÑO (Langreo ) ","06/04/2026 17:46","Langreo",,"2 BB SMRA 71648",,,,"Extinguido",,"06/04/2026 19:38","INCENDIO ARCEN",,"43.327541","-5.72948",,"06/04/2026 18:24","SALA 112"
"0718-06042026","Incendio Forestal en CADAPEREDA (Piloña ) ","06/04/2026 19:01","Piloña","Cadapereda",,,,,"Extinguido",,"06/04/2026 20:52","INCENDIO ACTIVO EN ZONA INACCESIBLE Y SIN PELIGRO. LO REVISARAN PERIODICAMENTE.",,"43.304146","-5.40271",,"07/04/2026 17:54","SALA 112"
"0795-06042026","Incendio Forestal en VILLAMEJIN (Proaza ) ","06/04/2026 20:31","Proaza","VILLAMEJIN",,,,,"Extinguido",,"06/04/2026 22:25","QUEMA MATORRAL ENTRE PRADOS SIN IMPORTANCIA",,"43.239185","-6.01204","3","07/04/2026 05:51","SALA 112"
"0818-06042026","Incendio Forestal en CASTAÑERA (Belmonte de Miranda ) ","06/04/2026 20:46","Belmonte de Miranda","CASTAÑERA",,,,,"Extinguido",,"06/04/2026 22:38","QUEMA UN BORRÓN",,"43.294777","-6.22945","3","07/04/2026 05:48","SALA 112"
"0836-06042026","Incendio Forestal en COBAYAS (Piloña ) ","06/04/2026 21:01","Piloña","COBAYAS",,,,,"Extinguido",,"07/04/2026 02:26",,,"43.318018","-5.44366","6","07/04/2026 05:42","SALA 112"
"0846-06042026","Incendio Forestal en Ponga","06/04/2026 21:16","Ponga","TARANES, TÍATORDOS",,,,,"Extinguido",,"06/04/2026 23:09","VARIOS PUNTOS PROVOCADOS EN ZONA MUY ALTA SIN PELIGRO. REVISARA GUARDERIA MAÑANA A PRIMERA HORA.","Guardería","43.18103","-5.17371",,"07/04/2026 11:43","CAROLINA SECADES CARRILLO"
"0849-06042026","Incendio Forestal en LA FRECHA (Piloña ) ","06/04/2026 21:16","PILOÑA","LLAMES DE PARRES, EL PICO, TOSPE",,,,"07/04/2026 03:56","Extinguido","Moderado (1)","06/04/2026 23:05",,,"43.353885","-5.21549","15","07/04/2026 12:44","CAROLINA SECADES CARRILLO"
"0867-06042026","Incendio Forestal en CUBO PUERTO (Cangas del Narcea ) ","06/04/2026 21:31","Cangas del Narcea","Cubo Puerto","Bomberos Tebongo, Bripas, Lote 8. ","[""Lote 8""]",,,"Extinguido",,"06/04/2026 22:25",,"Bomberos","43.201781","-6.6547",,"07/04/2026 21:19","SALA 112"
"0902-06042026","Incendio Forestal en LLANO DE CON (Cangas de Onís ) ","06/04/2026 22:01","Cangas de Onís","Llano de Con","Bomberos Cangas de Onís",,,,"Extinguido",,"07/04/2026 11:20",,"Bomberos","43.328319","-5.0146","10","07/04/2026 16:26","SALA 112"
"0824-06042026","INCENDIO FORESTAL","06/04/2026 22:00","CABRALES","CAMARMEÑA","GUARDERIA DEL PARQUE NACIONAL",,,,"Extinguido",,"06/04/2026 21:15","INCENDIO DENTRO DEL PARQUE NACIONAL. EN ZONA INACCESIBLE A TENOR DEL DIRECTOR DEL PARQUE. MAÑANA A PRIMERA HORA INFORMARA GUARDERIA DEL PARQUE PARA EL ENVIO DE MEDIOS AEREOS.",,,,,"07/04/2026 11:36","CAROLINA SECADES CARRILLO"
"0907-06042026","Incendio Forestal en TRUÉBANO (Tineo ) ","06/04/2026 22:16","Tineo","Truébano. ",,,,,"Extinguido","Moderado (1)","07/04/2026 07:41",,,"43.368107","-6.40757","4","07/04/2026 22:27","SALA 112"
"0935-06042026","Incendio Forestal en PERANDONES (Cangas del Narcea ) ","06/04/2026 22:46","Cangas del Narcea","PERANDONES","1 BB C NARCEA Y LOTE 5","[""Lote 5""]","07/04/2026 01:39",,"Extinguido","Bajo (0)","07/04/2026 01:40",,,"43.137573","-6.58644",,"07/04/2026 14:07","SALA 112"
"0942-06042026","Incendio Forestal en TOLIVIA (Laviana ) ","06/04/2026 22:46","Laviana","TOLIVIA",,,,,"Extinguido",,"07/04/2026 04:20",,,"43.211565","-5.58315","15","07/04/2026 05:26","SALA 112"
"0963-06042026","Incendio Forestal en Lena","06/04/2026 23:01","Lena","Alto del Cordal","Bomberos Mieres, Lote 23","[""Lote 23""]",,,"Extinguido","Moderado (1)","07/04/2026 16:01",,"Bomberos","43.081426","-5.85938","28","07/04/2026 16:41","SALA 112"
"0990-06042026","Incendio Forestal en RIERA (LA) (Cangas de Onís ) ","06/04/2026 23:31","Cangas de Onís","LA RIERA","BB CANGAS DE ONÍS",,,,"Extinguido","Bajo (0)","07/04/2026 10:50","VE QUEMAR ARBOLADO EN ZONA ALTA","Bomberos","43.324436","-5.07861","5","07/04/2026 12:20","CAROLINA SECADES CARRILLO"
"0982-06042026","Incendio Forestal en SAN ANDRES (Gijón ) ","06/04/2026 23:31","Gijón",,,,,,"Extinguido",,"07/04/2026 01:15","VE FUEGO EN EL MONTE. LO VE DESDE TRUBIA. SE TRANSFIERE CON BB OVIEDO",,"43.509076","-5.77029",,"07/04/2026 05:19","SALA 112"
"0999-06042026","Incendio Forestal en VALLES (Piloña ) ","07/04/2026 00:01","Piloña","VALLES",,,,,"Extinguido","Bajo (0)","07/04/2026 04:27","DOS FRENTES VIGILADOS PARA EVITAR QUE CRUCEN LA PISTA",,"43.340493","-5.33284","8","07/04/2026 11:45","CAROLINA SECADES CARRILLO"
"1001-06042026","Conato en BLIMEA (San Martín del Rey Aurelio ) ","07/04/2026 00:01","San Martín del Rey Aurelio",,,,,,"Extinguido",,"07/04/2026 01:54","QUEMA SIN IMPORTANCIA",,"43.273383","-5.58933",,"07/04/2026 05:08","SALA 112"
"1005-06042026","Incendio Forestal en AVIN (Onís ) ","07/04/2026 00:01","Onís","AVÍN",,,,,"Extinguido",,"07/04/2026 01:50",,,"43.334779","-4.95161","2","07/04/2026 05:14","SALA 112"
"0014-07042026","Incendio Forestal en PALACIO (Grado ) ","07/04/2026 00:31","Grado","Ballongo/ Palacio / Pumarín","Bomberos Grado",,,,"Extinguido",,"07/04/2026 00:49",,,"43.308191","-6.02449","2","07/04/2026 22:29","SALA 112"
"0068-07042026","Incendio Forestal en LABRA (Cangas de Onís ) ","07/04/2026 02:31","Cangas de Onís","LABRA",,,,,"Extinguido",,"07/04/2026 04:22","ALERTANTE LLAMA DESDE CERCA DE LABRA. VE EN ZONA DE MONTAÑA EN PICO. VE ARBOLEDA QUEMANDO. SE UNE CON EL DE CEBIA",,"43.360902","-5.05827",,"07/04/2026 11:38","CAROLINA SECADES CARRILLO"
"0079-07042026","Incendio Forestal en PERLAVIA (OVIEDO)","07/04/2026 03:16","OVIEDO","PERLAVIA",,,,,"Extinguido",,"07/04/2026 06:27","VIVIENDA A 200M DEL FRENTE QUE AVANZA DESPACIO",,"43.333499","-6.01336",,"07/04/2026 06:28","SALA 112"
"0895-06042026","Incendio Forestal en Morcín","07/04/2026 05:46","Morcín","Sierra del Aramo",,,,,"Extinguido",,"07/04/2026 07:40",,,"43.063604","-5.90945",,"07/04/2026 22:00","SALA 112"
"0133-07042026","Incendio Forestal en PIEDRATECHA (Tineo ) ","07/04/2026 06:16","Tineo","PIEDRATECHA","BB TINEO, LOTE 31",,,,"Extinguido",,"07/04/2026 11:09","ESTABILIZADO CON PUNTOS CALIENTE",,"43.330965","-6.469",,"07/04/2026 13:11","SALA 112"
"0851-06042026","Incendio Forestal en CAMARMEÑA (Cabrales ) ","07/04/2026 08:01","Cabrales",,"EXTINGUIDO",,,,"Extinguido",,"07/04/2026 09:57","GUARDERIA DE PARQUE NACIONAL DA EXTINGUIDO INCENDIO",,"43.258904","-4.83662",,"07/04/2026 11:36","CAROLINA SECADES CARRILLO"
"0177-07042026","Incendio Forestal en BENIA DE ONIS (Onís ) ","07/04/2026 08:31","Onís",,,,,,"Extinguido","Bajo (0)","07/04/2026 10:14","INFORMA DE UN INCENDIO AL SUR DE BENIA Y OTRO AL SUR DE AVÍN. QUEMA MATORRAL Y ALGO DE ARBOLADO. NO SABE SOBRE ACCESOS.",,"43.334766","-4.96813",,"07/04/2026 12:14","CAROLINA SECADES CARRILLO"
"0191-07042026","Incendio Forestal en BENIA DE ONIS (Onís ) ","07/04/2026 09:01","Onís","Benia",,,,,"Extinguido",,"07/04/2026 10:56",,,"43.334766","-4.96813",,"07/04/2026 22:01","SALA 112"
"0268-07042026","Incendio Forestal en CAMPAS (LAS) (Oviedo ) ","07/04/2026 11:16","Oviedo","LAS CAMPAS",,,,,"Extinguido",,"07/04/2026 13:00","VE UN INCENDIO FORESTAL CERCA DE LA CARRETERA  SE TRANSFIERE CON BB DE OVIEDO",,"43.365973","-5.88831",,"07/04/2026 16:00","CAROLINA SECADES CARRILLO"
"0306-07042026","Incendio Forestal en TRUBIA (Oviedo ) ","07/04/2026 12:31","Oviedo",,,,,,"Extinguido",,"07/04/2026 14:19","COS NOS PASA OTRA LLAMADA SOBRE ESTE AVISO.",,"43.345524","-5.97262",,"07/04/2026 16:01","CAROLINA SECADES CARRILLO"
"0438-07042026","Incendio Forestal en PICO (EL) (Piloña ) ","07/04/2026 14:46","Piloña","El Pico","Bomberos Piloña",,,,"Extinguido","Bajo (0)","07/04/2026 16:38",,,"43.311659","-5.23797","3","07/04/2026 17:24","SALA 112"
"0470-07042026","Incendio Forestal en YERNES (Yernes y Tameza ) ","07/04/2026 15:31","Yernes y Tameza","Yernes","Bomberos Pravia",,,,"Extinguido",,"07/04/2026 17:13",,"Guardería","43.279557","-6.11004",,"07/04/2026 22:13","SALA 112"
"0504-07042026","Incendio Forestal en NOVALES (Oviedo ) ","07/04/2026 16:01","Oviedo","Novales",,,,,"Extinguido",,"07/04/2026 17:53",,,"43.325458","-5.8263",,"07/04/2026 22:31","SALA 112"
"0540-07042026","Incendio Forestal en COLLADA (LA) (Morcín ) ","07/04/2026 16:31","Morcín","La Collada","Bomberos del parque de Mieres. ","[""Lote 23""]","07/04/2026 16:40",,"Extinguido",,"07/04/2026 16:19","Miembro de la Bripa de La Morgal informa de este incendio. 
Extinción gracias a la lluvia. ",,"43.268087","-5.87528",,"07/04/2026 17:56","SALA 112"
"0525-07042026","Incendio Forestal en CARRICEDO (Belmonte de Miranda ) ","07/04/2026 16:31","Belmonte de Miranda","Carricedo. ","Agente medioambiental de Belmonte y Bomberos de parque de Grado. ",,,,"Extinguido",,"07/04/2026 18:25","SE INFORMA A JZ",,"43.284386","-6.26379","1","07/04/2026 20:14","SALA 112"
"0372-07042026","Incendio forestal","07/04/2026 13:21","Grado","Rubiano","Agente medioambiental. ",,,,"Extinguido",,"07/04/2026 16:34","Incendio contigua a otra quemada. Sin cuantificar su extensión. ",,,,,"07/04/2026 16:36","SALA 112"
"0639-07042026","Incendio Forestal en FUENTESANTA (Nava ) ","07/04/2026 18:31","Nava",,,,,,"Extinguido",,"07/04/2026 20:25","SE INFORMA A JZ",,"43.346521","-5.48394",,"07/04/2026 21:20","SALA 112"
"0963-06042026","ALTO DE EL CORDAL","07/04/2026 21:28","LENA","ALTO DE EL CORDAL","GF",,,,"Extinguido",,"07/04/2026 21:28",,"Nadie",,,,"07/04/2026 21:30","SALA 112"
"0825-07042026","Incendio Forestal en MERODIO (Peñamellera Baja ) ","07/04/2026 21:31","Peñamellera Baja","Cercanías del área recreativa del argayo. ",,,,,"Extinguido",,"07/04/2026 23:27","Foco de incendio que se apaga por sí solo. ",,"43.319344","-4.54003",,"07/04/2026 22:08","SALA 112"
,,"26/02/2026 16:26",,"PARAJAS",,,,,"Extinguido","Moderado (1)","26/02/2026 17:12","QUEMA MATORRAL, HAY ALGUN ARBOL PEQUEÑO.
HAY LLAMAS DE MEDIO METRO.","Guardería","431210N","063505W",,"25/03/2026 23:04","SALA 112"
,,"22/03/2026 15:45",,"CERCA DE EÓLICOS, SIERRA DE LOS LAGOS",,,,,"Extinguido",,"23/03/2026 11:27","QUEMARON 2 HAS DE MATORRAL",,"43º15´15´´","6º43´50´´","2","23/03/2026 11:50","SALA 112"
,,"22/03/2026 23:09",,"DESDE EL PUERTO DEL PALO, DESVÍO HACIA EL ALTO DE LA MARTA",,,,,"Extinguido","Bajo (0)","23/03/2026 02:30","LO DAN POR EXTINGUIDO",,,,"6","23/03/2026 02:58","SALA 112"
,,"24/03/2026 19:10",,"CUBOPUERTO, DEBAJO DE LOS EÓLICOS DEL PUERTO DEL PALO",,,,,"Extinguido",,"24/03/2026 19:10",,,,,,"25/03/2026 02:09","SALA 112"
,,"24/03/2026 20:30",,"SIERRA DE LA PILA",,,,,"Extinguido",,"24/03/2026 20:30",,"Nadie",,,,"25/03/2026 12:06","SALA 112"
,,"26/02/2026 18:13",,"BELLO","3 BB MIERES
GUARDERÍA",,,,"Extinguido",,"26/02/2026 18:45","A LAS 18:45 EL GUARDA  INFORMA DE QUE QUEMA UNA LADERA DE MATORRAL, HAY UNA CABAÑA A 100M. RODEADA DE HELECHO, AHORA NO TIRA AIRE, SUBE UNA COLUMNA VERTICAL ",,"430825N","053639W",,"26/02/2026 22:30","SALA 112"
,,"01/03/2026 15:53",,"CORDAL DE LA ZORRA. PICO CUETO",,,,,"Extinguido","Bajo (0)","01/03/2026 16:50","ILO DAN POR EXTINGUIDO",,,,"3","01/03/2026 19:22","SALA 112"
,,"03/03/2026 00:46",,"OYANCO",,,,,"Extinguido",,"03/03/2026 04:24",,,"43º 11´ 22""","5º 42´ 48""","9","03/03/2026 20:03","SALA 112"
,,"04/03/2026 12:15",,"Pelugano",,,,,"Extinguido",,"04/03/2026 12:15",,,,,,"12/03/2026 15:43","SALA 112"
,,"04/03/2026 13:34",,"Cotobello",,,,,"Extinguido",,"04/03/2026 13:34",,,,,,"04/03/2026 15:37","SALA 112"
,,"04/03/2026 15:57",,"LA CORTINA",,,,,"Extinguido",,"04/03/2026 15:57","QUEMA EN UNA PRADERÍA, SE DESCONTROLÓ",,,,,"04/03/2026 17:21","SALA 112"
,,"04/03/2026 21:27",,"LLANANZANES",,,,,"Extinguido",,"04/03/2026 21:27",,"Nadie","43º 3´ 51""","5º 34´ 33""",,"05/03/2026 12:52","SALA 112"
,,"04/03/2026 22:02",,"LA ROZA, COTOBELLO","2 BBS MORGAL",,,,"Extinguido",,"04/03/2026 22:02","Sin determinar",,"43º 10´ 10""","5º 40´ 45""","0,5","05/03/2026 14:53","SALA 112"
,,"13/03/2026 14:18",,"XAGUAL",,,,,"Extinguido",,"13/03/2026 14:18",,,,,,"13/03/2026 14:58","SALA 112"
,,"13/03/2026 13:54",,"AS-112 PK 38 SUBIENDO AL PUERTO SAN ISIDRO",,,,,"Extinguido",,"13/03/2026 17:55",,,,,"2","14/03/2026 00:29","SALA 112"
,,"20/03/2026 20:24",,"LLANAS","2 BB DE MIERES",,,,"Extinguido",,"21/03/2026 17:00","17:00 BB LO DAN POR EXTINGUIDO",,,,"28","21/03/2026 17:59","SALA 112"
,,"21/03/2026 09:50",,"RIOMAÑÓN, SIERRA DE FUENTES DE INVIERNO",,,,,"Extinguido",,"21/03/2026 09:50","SE TRATA DEL MISMO INCENDIO QUE HAY EN  LLAMAS.","Bomberos",,,,"21/03/2026 11:08","SALA 112"
,,"21/03/2026 14:39",,"BELLO",,,,,"Extinguido",,"21/03/2026 16:00","SOFOCADO POR H/C Y PARTICULARES DEL PUEBLO",,,,"0,3","21/03/2026 17:04","SALA 112"
,,"21/03/2026 22:57",,"Por encima de Pelúgano. ","2 Bomberos de Mieres. ",,,,"Extinguido",,"22/03/2026 02:56",,,,,,"22/03/2026 04:32","SALA 112"
,,,,"Villaverde",,,,,"Extinguido","Bajo (0)","26/02/2026 10:28",,,"43.256","-5.140","5","26/02/2026 12:19","SALA 112"
,,,,"Vega de Sebarga",,,,,"Extinguido",,"26/02/2026 13:27",,,"43.27682037811383","-5.164087147918789",,"26/02/2026 13:28","SALA 112"
,,"24/02/2026 15:32",,"VILLAVERDE",,,,,"Extinguido",,"27/02/2026 11:04",,,"43.253","-5.144","5","27/02/2026 11:21","SALA 112"
,,"26/02/2026 16:59",,"PEN",,,,,"Extinguido",,"27/02/2026 07:28",,,"43.271","-5.150",,"27/02/2026 07:44","SALA 112"
,,"02/03/2026 00:00",,"ENTRE CIEN Y SAN ROMAN-ARROLLO COLÍN",,,,,"Extinguido","Moderado (1)","02/03/2026 01:40","INCENDIO EXTINGUIDO. BB DE CANGAS DE ONÍS RETIRANDO",,"43.252","-5.090",,"02/03/2026 11:30","SALA 112"
,,"02/03/2026 20:34",,"QUINTANAL  Y VILLAR DE ZUEPOS","2 BOMBEROS DE PRAVIA, 3 BB GRADO, 2 AUX SOMIEDO, LOTE 35",,,,"Extinguido",,"03/03/2026 05:04",,"Nadie","43º 13 ´2""","6º 16´ 44""",,"03/03/2026 18:39","SALA 112"
,,"04/03/2026 19:27",,"LONGORIA, SAN BARTOLOME, CAPITULO, SIERRA DEL PEDRORIO, CUTIELLOS // SIERRA DEL PEDRORIO",,,,,"Extinguido",,"04/03/2026 19:27",,,"43º 20' 32'' N","6º 10' 15'' W",,"05/03/2026 17:15","SALA 112"
,,"04/03/2026 20:01",,"LLAMOSO",,,,,"Extinguido",,"04/03/2026 20:01","EL INCENDIO LO REPORTAN LOS AUXILIARES SOMIEDO QUE SE DIRIGEN A OTRO
09:10 h. día 6 GUARDERIA LO DA POR EXTINGUIDO, LLOVIO MUCHO EN LA ZONA.",,"43º 13´29""","6º 13´ 13""",,"06/03/2026 12:21","SALA 112"
,,"04/03/2026 21:25",,"VILLAR DE ZUEPOS",,,,,"Extinguido",,"04/03/2026 21:25","No se puede cuantificar lo quemado debido a que es de noche. ",,"43º 13´ 9""","6º 17´ 65""",,"22/03/2026 06:33","SALA 112"
,,"04/03/2026 23:07",,"Vigaña",,,,,"Extinguido",,"04/03/2026 23:07","AUX DE SOMIENDO CUANDO TRATABAN DE ENCONTAR ACCESO AL INCENDIO DE LLAMOSO VEN 4 FOCOS POR ENCIMA DEL PUEBLO DE VIGANA",,"43º 4´ 53""","5º 51´ 34""",,"06/03/2026 11:52","LUCIA BLANCO COSTALES"
,,"19/03/2026 16:10",,"Cercanías del pueblo de Fresneo, subiendo a Las Estacas. ","4 Bomberos de Tineo. 
Agente medioambiental, alertante, y de camino al lugar. ",,,,"Extinguido",,"19/03/2026 17:08",,,"43º17'41""","006º13'46""",,"19/03/2026 18:04","SALA 112"
,,"19/03/2026 17:12",,"Cercanías del pico Porcabezas. ","2 Bomberos de Grado. 
Brif de Tineo. ",,,,"Extinguido",,"19/03/2026 19:25",,,"43 14 03","06 11 59","2","19/03/2026 20:59","SALA 112"
,,"21/03/2026 22:16",,"VILLAR DE ZUEPOS","2 AUX SOMIEDO",,,,"Extinguido",,"22/03/2026 04:20","No se puede precisar la extensión de lo quemado al ser de noche. ",,,,,"22/03/2026 06:26","SALA 112"
,,"22/03/2026 13:04",,"ZONA DEL ACEBAL","
",,,,"Extinguido","Moderado (1)","22/03/2026 13:04",,,,,,"22/03/2026 19:05","SALA 112"
,,"02/03/2026 18:38",,"LA BARAGAÑA",,,,,"Extinguido",,"02/03/2026 18:38","QUEMO 1 HA DE MALEZA EN UN PRADO",,"43º 20´ 9¨  ","5º  35´ 9¨","1","02/03/2026 20:02","SALA 112"
,,"19/03/2026 20:06",,"Desde el refugio de Fayacaba hacia Melendreros","2 Bomberos de Piloña. ",,,,"Extinguido",,"19/03/2026 20:21",,,"43º18'44""","005º31'39""",,"19/03/2026 22:02","SALA 112"
,,"21/03/2026 18:47",,"VIÑAY",,,,,"Extinguido",,"21/03/2026 19:58","ERA UN HOMBRE QUEMANDO, PROCEDIERON A APAGARLO",,"43 18 39 N","5 33 29 O",,"21/03/2026 21:44","SALA 112"
,,"26/02/2026 16:06",,"ASIEGO","2 BB. CANGAS DE ONÍS

",,,,"Extinguido","Bajo (0)","26/02/2026 19:12"," YA QUEMADAS 10 HECTÁREAS. BBS C.ONIS DAN EL INCENDIO POR CONTROLADO, NO HAY LLAMAS, ESTÁ FRÍO. REVISANDO EL PERÍMETRO.",,,,,"26/02/2026 19:44","SALA 112"
,,"20/03/2026 20:15",,"Alto de Ortiguero","2 BB C. DE ONIS. 21:20 LO DAN POR EXTINGUIDO",,,,"Extinguido",,"20/03/2026 21:20","QUEMA MONTE BAJO",,,,"1","20/03/2026 21:25","SALA 112"
,,"21/03/2026 13:29",,"PICO IBEU",,,,,"Extinguido",,"21/03/2026 18:34","QUEMA PASTO. ZONA CON MUCHAS LÍNEAS ELÉCTRICAS. 18:34 EXTINGUIDO",,,,"15","21/03/2026 18:56","SALA 112"
,,"23/03/2026 17:40",,"COLLADAS",,,,,"Extinguido",,"23/03/2026 17:40",,,,,"30","23/03/2026 20:31","SALA 112"
,,"23/03/2026 21:47",,"CARREÑA","Revisado por bomberos que comunican su total extinción.",,,,"Extinguido","Bajo (0)","24/03/2026 07:08",,"Bomberos","43 19 0 N  ","4 50 45 O",,"24/03/2026 08:08","SALA 112"
,,"24/03/2026 20:29",,"ASIEGO",,,,,"Extinguido",,"24/03/2026 20:29",,"Bomberos",,,,"25/03/2026 12:04","SALA 112"
,,"24/03/2026 20:28",,"INCOS","2 BBS VILLAVICIOSA",,,,"Extinguido",,"24/03/2026 20:28",,,,,"0,5","25/03/2026 00:21","SALA 112"
,,"01/03/2026 13:22",,"Llamero","2 BB Grado+ GUARDERÍA FORESTAL",,,,"Extinguido",,"01/03/2026 13:22","PARTICULAR INFORMA DE FUERTE COLUMNA DE HUMO NEGRO
 SE TRATA DE UNA QUEMA CONTROLADA SIN PELIGRO. 
BB RETIRAN.",,,,,"01/03/2026 13:44","SALA 112"
,,,,"Llano de Con",,,,,"Extinguido",,,"FRENTE DE GRANDES DIMENSIONES",,"43.323031993147744","-5.019543044708619","12","12/03/2026 15:44","SALA 112"
,,,,"Nieda","3 BB (C.onis)
Lote 26",,,,"Extinguido",,,"HAY DOS FRENTES. EL QUE VA HACIA
SEGÜENCO ES BASTANTE GRANDE
",,"43.341078618735736","-5.121333291224399",,"25/02/2026 16:58","ADRIAN CASTRO LEIVA"
,,,,"Zardón","PENDIENTE REVISIÓN GUARDERÍA",,,,"Extinguido",,"26/02/2026 13:25","
","Nadie","43.394","-5.037",,"03/03/2026 05:10","SALA 112"
,,"26/02/2026 17:46",,"TARANO",,,,,"Extinguido","Moderado (1)","26/02/2026 19:21","BBS C ONIS DAN POR EXTINGUIDO. ","Nadie","432148N","050219W",,"27/02/2026 00:53","SALA 112"
,,"02/03/2026 10:20",,"ENTRE NIEDA Y SEGÜENCO","2 BB DE CANGAS DE ONÍS",,,,"Extinguido",,"02/03/2026 10:20","12:47 BB DAN INCENDIO EXTINGUIDO, PERÍMETRO FRÍO SIN HUMEAR",,"43.330494","-5.114339",,"02/03/2026 12:48","SALA 112"
,,"02/03/2026 13:40",,"ZARDÓN",,,,,"Extinguido",,"02/03/2026 13:40","14:09 BB EN ZONA INACCESIBLE, QUEMA MATORRAL Y SOLICITAN MEDIOS AÉREOS. 
HA ESTADO TRABAJANDO H/C BB-01 EN EL INCENDIO. A LAS 18.15 H LO HA DEJADO PARA ACUDIR A OTROS AVISOS. QUEDABA, SEGÚN INDICA, CASI REMATADO.
18.41 H BB DE C. DE ONÍS LO DAN POR EXTINGUIDO Y RETIRAN. ",,"43º22´35´´","05º02´06´´","2","02/03/2026 18:42","SALA 112"
,,"03/03/2026 18:37",,"LLERICES",,,,,"Extinguido","Moderado (1)","03/03/2026 18:37",,,"43º 18´ 44""","5º 3´ 35""","1","03/03/2026 22:16","SALA 112"
,,"03/03/2026 20:10",,"SANTIANES DE OLA",,,,,"Extinguido","Bajo (0)","04/03/2026 00:51"," NO SABE UBICARLO Y CREE QUE ES PEQUEÑO.
22:44 H. BBS. EN LA ZONA. FUEGO LOCALIZADO, BUSCAN ACCESO. NO PELIGRAN EDIFICACIONES.
00:51 H. 2 BB LLANES DAN POR EXTINGUIDO EL INCENDIO. INCENDIO DE MATORRAL ENTRE PEÑAS.",,"43.40333","-5.04583",,"04/03/2026 01:31","SALA 112"
,,"04/03/2026 12:10",,"Següenco","GMF y BRIF",,,,"Extinguido",,"04/03/2026 12:10","Quema controlada",,,,,"05/03/2026 08:38","SALA 112"
,,"04/03/2026 14:34",,"TÁRANO",,,,,"Extinguido",,"04/03/2026 14:34",,,,,,"04/03/2026 21:07","SALA 112"
,,"04/03/2026 19:10",,"LLENIN","2 BB C. ONÍS",,,,"Extinguido",,"04/03/2026 19:10",,,,,,"04/03/2026 21:09","SALA 112"
,,"20/03/2026 16:08",,"Llano de Con",,,,,"Extinguido","Bajo (0)","20/03/2026 17:21","17.21 LO DAN POR EXTINGUIDO",,,,"0,8","20/03/2026 17:42","SALA 112"
,,"24/03/2026 20:29",,"OLICIO",,,,,"Extinguido","Bajo (0)","24/03/2026 21:27","SIN LLAMA EN EL INCENDIO","Guardería",,,,"25/03/2026 09:24","SALA 112"
,,,,"Porciles-Ridera","• 2 BB TEBONGO
• 2 BB TINEO
• LOTE 14
 (MZ LUBIA)",,,,"Extinguido","Moderado (1)","26/02/2026 13:32",,,"43.161","-6.390","100","26/02/2026 13:33","SALA 112"
,,"26/02/2026 17:11",,"Ridea","2 BB. CANGAS DELNARCEA
BRIF DE TINEO
COOP. FORESTAL",,,,"Extinguido",,"26/02/2026 12:51","INFORMADO POR GUARDA",,"43.1680","-6.3998",,"26/02/2026 22:29","SALA 112"
,,"26/02/2026 17:21",,"PARADA LA VIEJA",,,,,"Extinguido","Moderado (1)","27/02/2026 08:22",,,"430401N","062312W","200","27/02/2026 08:22","SALA 112"
,,"03/03/2026 09:32",,"PARADA LA NUEVA",,,,,"Extinguido","Bajo (0)","03/03/2026 09:32","QUEMAN 5 HA DE MATORRAL",,"43º 9´ 8""","6º 26´ 58""","5","03/03/2026 16:25","SALA 112"
,,"04/03/2026 13:42",,"La Linde","GMF + BRIF TINEO",,,,"Extinguido",,"04/03/2026 13:42","QUEMA PROGRAMADA DE LA GUARDERIA CON APOYO DE LA BRIF DE TINEO",,,,,"05/03/2026 08:39","SALA 112"
,,"24/03/2026 12:38",,"LA CUITADA",,,,,"Extinguido",,"25/03/2026 09:00","ESTA TODO APAGADO Y SIN HUMO. ","Bomberos",,,"25","25/03/2026 12:01","SALA 112"
,,"26/03/2026 17:52",,"Parrondo","2 BBS CANGAS DE NARCEA",,,,"Extinguido","Bajo (0)","26/03/2026 17:52",,,,,,"26/03/2026 21:39","SALA 112"
,,"27/03/2026 20:55",,"Noceda de Rengos, zona de La Cuitada",,,,,"Extinguido","Bajo (0)","28/03/2026 18:37","QUEMAN 40 HAS DE MATORRAL",,"43º2´7´´","6º34´21´´","40","28/03/2026 20:13","SALA 112"
,,"12/03/2026 12:32",,"El Fito",,,,,"Extinguido",,"12/03/2026 12:32","VAN A REALLIZAR UNA QUEMA CONTROLADA EN EL FITO VERTIENTE CARAVIA",,,,,"13/03/2026 10:48","SALA 112"
,,,,"Pendones","AUX COBALLES",,,,"Extinguido",,,"QUEMA MATORRAL CERCA DE UN
HAYEDO
",,"43.15279641525894","-5.243275698360225",,"26/02/2026 07:45","ADRIAN CASTRO LEIVA"
,,"01/03/2026 19:51",,"BUERES","2 BB SMRA, LOTE 26

",,,,"Extinguido",,"01/03/2026 23:02","INFORMA GUARDA DE REDES, FLANCO DE 300 M DE MONTE BAJO Y REBOLLO . VAN A EMPEZAR A APAGAR EL FLANCO IZQDO QUE TIENE UNOS 100 M, EL DCHO NO VEN HASTA DONDE LLEGA, SOLICITAN MÁS PERSONAS. 22:23 CONTROLADO
LO DAN POR EXTINGUIDO, RETIRA TODO EL PERSONAL.",,"431301N","052053W","7","02/03/2026 00:19","SALA 112"
,,"19/03/2026 16:17",,"Pandiella",,,,,"Extinguido",,"19/03/2026 17:33",,,"43º10'36""","005º23'58""","25","20/03/2026 15:30","SALA 112"
,,"24/03/2026 16:56",,"NIEVES",,,,,"Extinguido",,"24/03/2026 22:28",,"Nadie",,,"10","25/03/2026 14:10","SALA 112"
,,"24/03/2026 17:30",,"LA FELGUERINA",,,,,"Extinguido",,"24/03/2026 19:43","QUEMAN 30 METROS CUADRADOS DE MATORRAL",,"43 09 05","05 22 26",,"24/03/2026 19:49","SALA 112"
,,"13/03/2026 13:44",,"EL FORCÓN",,,,,"Extinguido",,"13/03/2026 13:44",,,,,,"13/03/2026 14:59","SALA 112"
,,"24/03/2026 18:05",,"LASTRES, CERCA DEL FARO",,,,,"Extinguido",,"24/03/2026 18:05","QUEMARON 100 METROS LINEALES DE MATORRAL",,,,,"24/03/2026 20:32","SALA 112"
,,"03/03/2026 20:09",,"FOMBONA ","2 BB AVILES + 1 BB PRAVIA",,,,"Extinguido","Bajo (0)","04/03/2026 00:20","FUEGO PROXIMO A LA CARRETERA, ZONA DE ARBOLADO,.
QUEMA UNA HILERA DE PINOS",,"43º 36´ 47""","5º 49´ 49""","0,05","04/03/2026 00:30","SALA 112"
,,"01/03/2026 14:38",,"RESTIELLO-VILLAZOY",,,,,"Extinguido","Moderado (1)","01/03/2026 17:23","EXTINGUIDO",,"43.2706","-6.1758","2","01/03/2026 18:25","SALA 112"
,,"01/03/2026 15:32",,"LA TEJERA - SOMBRONES",,,,,"Extinguido",,"01/03/2026 17:38",,,"43.2665","-6.1692","3","01/03/2026 18:25","SALA 112"
,,"01/03/2026 18:11",,"VILLAMARIN DE SALCEDO",,,,,"Extinguido","Bajo (0)","01/03/2026 19:09","LO DAN EXINGUIDO",,,,"1","01/03/2026 19:21","SALA 112"
,,"02/03/2026 14:43",,"VILLAZHOY",,,,,"Extinguido",,"02/03/2026 14:43",,"Guardería","43º  19´ 14¨  ","6º  5´  49¨ ","1","02/03/2026 21:43","SALA 112"
,,"03/03/2026 17:21",,"TRILLAPEÑA","2 BB GRADO + GUARDERIA",,,,"Extinguido","Bajo (0)","03/03/2026 17:21","BB01 INFORMA A LAS 18:06 QUE LLEVAN QUEMADAS ENTRE 4 Y 5 HA DE MATORRAL",,"43º 18´ 49""","6º 5´ 55""","4","03/03/2026 21:20","SALA 112"
,,"03/03/2026 23:14",,"Rubiano",,,,,"Extinguido","Bajo (0)","04/03/2026 00:47","ALERTANTE LO VE DESDE MUY LEJOS. DA UNA UBICACIÓN APROXIMADA. SIN MÁS DATOS.
00:47 H. BB. GRADO EN LA ZONA. QUEMA MATORRAL.
02:22 H. BB. GRADO INFORMAN DE INCENDIO EXTINGUIDO.",,"43.3067","-6.1079","6","04/03/2026 02:24","SALA 112"
,,"04/03/2026 19:29",,"LLAMAS",,,,,"Extinguido","Bajo (0)","04/03/2026 19:29",,,,,,"04/03/2026 21:59","SALA 112"
,,"05/03/2026 10:55",,"LAS MURIAS",,,,,"Extinguido",,"05/03/2026 10:55",,,,,,"05/03/2026 12:48","SALA 112"
,,"13/03/2026 10:44",,"RESTIELLO",,,,,"Extinguido",,"13/03/2026 10:44",,,"43º17´21´´","6º10´49´´",,"13/03/2026 12:15","SALA 112"
,,"17/03/2026 15:59",,"VILLAHIZOY",,,,,"Extinguido",,"17/03/2026 15:59",,,,,,"18/03/2026 02:19","SALA 112"
,,"17/03/2026 18:31",,"ROZALLANA",,,,,"Extinguido",,"17/03/2026 18:31",,,,,,"18/03/2026 00:00","SALA 112"
,,"19/03/2026 21:01",,"Murias",,,,,"Extinguido",,"19/03/2026 21:12",,,"43º19'12""","06º5'31""",,"20/03/2026 02:48","SALA 112"
,,"20/03/2026 14:51",,"VILLAHIZOY","BB LO DAN POR EXTINGUIDO",,,,"Extinguido","Bajo (0)","20/03/2026 19:10",,,,,"2","20/03/2026 19:56","SALA 112"
,,"21/03/2026 11:38",,"BARZANA",,,,,"Extinguido",,"21/03/2026 18:05","FLANCO IZQUIERDO APAGADO.
POSIBLEMENTE REALIZARÁN CONTRAFUEGO EN FLANCO DERECHO.
17:34 LO DAN POR CONTROLADO
18:05 EXTINGUIDO",,,,"4","21/03/2026 21:04","SALA 112"
,,"21/03/2026 17:20",,"El Merín de Arriba",,,,,"Extinguido",,"21/03/2026 21:12","RETIRAN TODOS",,"43 22 27 N","6 03 16 O","3","21/03/2026 21:55","SALA 112"
,,"21/03/2026 22:06",,"BALLONGO",,,,,"Extinguido",,"22/03/2026 10:11",,,,,,"22/03/2026 10:20","SALA 112"
,,"24/03/2026 18:52",,"VILLANDÁS",,,,,"Extinguido","Bajo (0)","24/03/2026 21:55",,,,,"10","25/03/2026 01:31","SALA 112"
,,"24/03/2026 22:15",,"RUBIANO",,,,,"Extinguido","Bajo (0)","24/03/2026 22:15",,,,,"2,5","25/03/2026 00:49","SALA 112"
,,,,"La Mesa","BB GRANDAS DE SALIME",,,,"Extinguido",,,,,"43.21777870253468","-6.8105220858063165",,"26/02/2026 07:33","ADRIAN CASTRO LEIVA"
,,"01/03/2026 19:24",,"LADA- PANDO LA LLANA",,,,,"Extinguido",,"01/03/2026 21:15","VARIOS FOCOS DE FUEGO EN EL MONTE. 21:15 EXTINGUIDO",,,,"0,25","01/03/2026 21:23","SALA 112"
,,"20/03/2026 15:42",,"Lada - detrás del cementerio.",,,,,"Extinguido",,"20/03/2026 21:16","P. LOCAL INDICA QUE SE HA REACTIVADO","Nadie",,,"1,5","21/03/2026 09:09","SALA 112"
,,,,"Pico La Vara",,,,,"Extinguido",,"26/02/2026 13:30",,,"43.234528","-5.592809","60","26/02/2026 13:30","SALA 112"
,,,,"Los Tornos",,,,,"Extinguido",,,,,,,,"25/02/2026 16:59","ADRIAN CASTRO LEIVA"
,,,,"Ferrera",,,,,"Extinguido",,"26/02/2026 12:24",,,"43.25448417489461","-5.512056811505801","2","26/02/2026 12:25","SALA 112"
,,"01/03/2026 15:14",,"ENTRE BAUA Y GAMONAL","2 BBS. SMRA",,,,"Extinguido",,"01/03/2026 17:09","INCENDIO EXTINGUIDO",,"43.2322","-5.5479","0,5","01/03/2026 18:22","SALA 112"
,,"01/03/2026 17:50",,"LAS BORIAS",,,,,"Extinguido","Bajo (0)","01/03/2026 19:50","QUEMA HELECHO Y MATORRAL BAJO ARBOLADO",,,,"0,5","01/03/2026 20:40","SALA 112"
,,"01/03/2026 18:56",,"LA REBOLLADA","2 BB MIERES. ",,,,"Extinguido",,"01/03/2026 21:34","VALORADO POR H/C. 21:34 LO DAN POR EXTINGUIDO",,,,"1","01/03/2026 21:38","SALA 112"
,,"02/03/2026 14:45",,"LORIO","GUARDERÍA",,,,"Extinguido",,"02/03/2026 18:32","09:25h AGENTE MEDIO NATURAL INFORMA QUE EL INCENDIO ESTÁ EXTINGUIDO",,"43º  12´  24""","5º  30´ 38¨","5","03/03/2026 09:27","SALA 112"
,,"04/03/2026 18:04",,"LORÍO","2 AUXILIARES DE COBALLES",,,,"Extinguido","Bajo (0)","04/03/2026 18:04","CONTROLANDO, AUXILIARES EN EL LUGAR VIGILANDO QUE NO SE REPRODUZCA",,,,,"04/03/2026 21:20","SALA 112"
,,"04/03/2026 19:59",,"FEBRERO",,,,,"Extinguido",,"04/03/2026 19:59","EXTENSION SIN DETERMINAR POR SER DE NOCHE. QUEMO MONTE BAJO Y HOJARASCA",,"43º 12´ 25""","5º 33´ 23""",,"04/03/2026 23:31","SALA 112"
,,"17/03/2026 15:41",,"Las Palomas","2 BOMBEROS DE SMRA retirando",,,,"Extinguido",,"17/03/2026 15:41","Incendio Forestal que avanza hacia una cuadra situada a 100 m del foco del incensio",,,,,"17/03/2026 18:09","SALA 112"
,,"23/03/2026 17:02",,"LLOREO",,,,,"Extinguido",,"23/03/2026 17:02",,,,,"0,8","23/03/2026 18:24","SALA 112"
,,"23/03/2026 20:04",,"LA REBOLLADA",,,,,"Extinguido",,"23/03/2026 20:04",,,,"0.02",,"23/03/2026 21:18","SALA 112"
,,"24/03/2026 18:04",,"VALLE DE TIRAÑA",,,,,"Extinguido",,"24/03/2026 20:14",,"Guardería",,,"8","24/03/2026 23:17","SALA 112"
,,,,"Pajares",,,,,"Extinguido",,,,,"43.032 ","-5.778",,"25/02/2026 16:59","ADRIAN CASTRO LEIVA"
,,,,"Columbiello",,,,,"Extinguido",,"26/02/2026 13:31",,,"43.142 ","-5.792","100","26/02/2026 13:31","SALA 112"
,,"24/02/2026 21:30",,"Armada",,,,,"Extinguido",,"26/02/2026 11:55",,,"43.164","-5.885","40","27/02/2026 08:01","SALA 112"
,,,,"Flor de Acebos",,,,,"Extinguido",,,,,"43.142","-5.792",,"26/02/2026 07:44","ADRIAN CASTRO LEIVA"
,,"26/02/2026 17:06",,"Parana",,,,,"Extinguido",,"26/02/2026 17:06","PENDIENTE REVISIÓN GUARDERÍA.",,"43.08331215379019","-5.7624432742639105",,"27/02/2026 16:08","LUCIA BLANCO COSTALES"
,,,,"Congostinas","GUARDERÍA.",,,,"Extinguido",,,"ACTIVO SIN PELIGRO. REVISIÓN.",,"43.09867164449745","-5.774744656356204",,"27/02/2026 16:08","LUCIA BLANCO COSTALES"
,,"26/02/2026 17:31",,"Pola de Lena",,,,,"Extinguido",,"26/02/2026 17:56","PARTICULAR QUEM,ANDO RASTROJOS EN UN PRADO",,"430936N","054944W",,"26/02/2026 18:36","SALA 112"
,,"27/02/2026 04:03",,"ARMADA",,,,,"Extinguido",,"27/02/2026 07:53",,,"43.161","-5.887","5","27/02/2026 07:58","SALA 112"
,,"03/03/2026 20:05",,"PAJARES","2 BB MIERES + GUARDERIA",,,,"Extinguido",,"03/03/2026 20:05","CAMINONERO ALERTA DE FOCO BAJANDO EL PUERTO, 300M ANTES DEL PUEBLO DE PAJARES",,"43º 1´ 5""","5º 46´ 23""","0,1","03/03/2026 21:34","SALA 112"
,,"04/03/2026 17:59",,"AP-66 KM 68 A MANO DERECHA SENTIDO LEÓN, HACIA LA CUBILLA",,,,,"Extinguido",,"04/03/2026 17:59","3 FOCOS DE INCENDIO BAJANDO EL HUERNA A MANO IZQUIERDA. QUEMA UN BORRON EN ZONA DE PRADOS. VALORADO POR BOMBEROS, SIN PELIGRO","Guardería","43º 4´53""","5º 51´ 53""",,"05/03/2026 14:28","SALA 112"
,,"04/03/2026 20:19",,"CONGOSTINAS","2 BBS SMRA",,,,"Extinguido","Moderado (1)","04/03/2026 20:19","Quemaron 15 has de matorral","Nadie","43º 5´43""","5º 43´4""","15","05/03/2026 14:26","SALA 112"
,,"19/03/2026 15:05",,"Piedraceda, subiendo para La Cobertoria. ","2 Bomberos de Mieres. 
Una patrulla de la Guardia Civil. ",,,,"Extinguido",,"19/03/2026 16:13","Se trata de una quema que se le descontrola a quien la realiza.  ",,"43º9'10""","005º51'3""",,"19/03/2026 16:23","SALA 112"
,,"19/03/2026 20:09",,"Jomezana",,,,,"Extinguido",,"21/03/2026 15:00","H/C NO VE INCENDIO","Nadie","43º4'53""","05º51'34""","10","21/03/2026 18:12","SALA 112"
,,"19/03/2026 20:59",,"Al oeste de Jomezana",,,,,"Extinguido",,"20/03/2026 07:44","SIN EXTENSIÓN DETERMINADA",,"43º03'18""","05º52'01""",,"20/03/2026 19:27","SALA 112"
,,"21/03/2026 15:20",,"Tuiza de Abajo","EXTINGUIDO",,,,"Extinguido",,"21/03/2026 17:51",,,,,"0,5","21/03/2026 18:05","SALA 112"
,,"21/03/2026 18:44",,"zureda",,,,,"Extinguido",,"21/03/2026 21:21",,,,,,"22/03/2026 09:10","SALA 112"
,,"21/03/2026 20:08",,"La Peral",,,,,"Extinguido",,"21/03/2026 20:57","FUEGO CERCA DEL MERENDERO",,,,"5","21/03/2026 21:20","SALA 112"
,,"22/03/2026 22:19",,"Montes Ranero","2 BB MIERES",,,,"Extinguido",,"30/03/2026 00:29","DOS PEQUEÑOS FOCOS DE DOS METROS CADA UNO",,"43 4 53 N","5 51 33 O","0,04","23/03/2026 01:18","SALA 112"
,,"23/03/2026 14:20",,"TUIZA, AP-66 SENTIDO ASTURIAS A LA IZDA.",,,,,"Extinguido",,"24/03/2026 10:14","Revisado por Guarda indica que sigue activo y que es operativa extinción con medios aereos.",,,,,"24/03/2026 12:58","SALA 112"
,,"23/03/2026 20:57",,"PAJARES",,,,,"Extinguido",,"23/03/2026 20:57",,,,,,"23/03/2026 22:41","SALA 112"
,,"24/03/2026 13:27",,"La Cortina, vertiente sur del Pico La Tesa",,,,,"Extinguido",,"24/03/2026 18:25","QUEMAN 3 HAS. DE MONTE RASO",,,,"3","24/03/2026 18:32","SALA 112"
,,"24/03/2026 22:33",,"JOMEZANA",,,,,"Extinguido","Bajo (0)","24/03/2026 22:33",,"Guardería",,,,"25/03/2026 08:24","SALA 112"
,,,,"Llosa de Viango",,,,,"Extinguido",,"26/02/2026 12:20",,,"43.377","-4.810","35","26/02/2026 12:20","SALA 112"
,,,,"Porrúa","GUARDERÍA",,,,"Extinguido",,,"QUEMA MATORRAL Y ALGO DE
ARBOLADO",,"43.40703200078378","-4.814941669984813",,"25/02/2026 17:00","ADRIAN CASTRO LEIVA"
,,"26/02/2026 17:11",,"LA BORBOLLA",,,,,"Extinguido",,"26/02/2026 06:16","PEQUEÑO FOCO ACTIVO EN LA CIMA","Guardería","43.354 ","-4.667",,"26/02/2026 19:51","SALA 112"
,,"26/02/2026 17:13",,"LLN-7,PK.5","2 BBS. LLANES",,,,"Extinguido",,"26/02/2026 14:41",,"Guardería",,,,"26/02/2026 17:13","SALA 112"
,,"26/02/2026 19:27",,"EL MAZUCO (LA TORNERIA)",,,,,"Extinguido",,"27/02/2026 16:10","19:33 h 26/02. BB LLANES EN PORRUA VEN EL INCENDIO ALTO PERO NO TIENEN ACCESO.
GMA LO DA POR EXTINGUIDO.",,"432254N","045104W","0,5","27/02/2026 16:14","SALA 112"
,,"26/02/2026 21:01",,"EL MAZUCO (CAPILLA)","2 BB LLANES",,,,"Extinguido","Bajo (0)","26/02/2026 21:01",,,"432254N","045104W",,"26/02/2026 22:30","SALA 112"
,,"28/02/2026 12:07",,"Carretera A-8, pk-309","2 BB de Llanes",,,,"Extinguido",,"28/02/2026 12:30","12.24 h- BB. de Llanes en el lugar. Ya están en el lugar. Se trataba de un árbol. Ya está apagado. 
Retiran a base. 
",,,,,"28/02/2026 12:33","SALA 112"
,,"28/02/2026 12:43",,"Ovio",,,,,"Extinguido",,"28/02/2026 17:29",,,,,,"28/02/2026 18:02","SALA 112"
,,"02/03/2026 15:48",,"LA PEREDA, FRENTE A PORRÚA",,,,,"Extinguido","Bajo (0)","02/03/2026 15:48","GUARDA INFORMA DE UN INCENDIO FORESTAL. QUEMA MONTE BAJO, MAL ACCESO, NO HAY ESTRUCTURAS EN PELIGRO.
18.10 H. BB. DE LLANES RETIRAN ","Nadie","43º 23´ 59""","4º 46´ 17¨","2","02/03/2026 18:48","SALA 112"
,,"04/03/2026 17:57",,"Llamigo",,,,,"Extinguido",,"04/03/2026 17:57",,,,,,"04/03/2026 21:11","SALA 112"
,,"04/03/2026 21:21",,"GUADAMÍA",,,,,"Extinguido",,"04/03/2026 21:21",,"Nadie",,,,"05/03/2026 09:59","SALA 112"
,,"20/03/2026 20:02",,"LADERA PICO JANA - ALEVIA - LA BORBOLLA",,,,,"Extinguido",,"21/03/2026 19:55",,,,,,"21/03/2026 21:15","SALA 112"
,,,,"Tablado","GUARDERIA",,,,"Extinguido",,,"ACTIVO. PELIGROSO PARA
INTERVENCIÓN",,"43.248612608362244","-5.742887167690397",,"26/02/2026 07:48","ADRIAN CASTRO LEIVA"
,,,,"Llano La Tabla","2 BB LA MORGAL
1 BB MIERES",,,,"Extinguido",,,"MATORRAL A 2 M. DE UNA CUADRA",,"43.245","-5.803",,"25/02/2026 17:16","ADRIAN CASTRO LEIVA"
,,,,"Turón",,,,,"Extinguido",,"26/02/2026 12:26",,,"43.20512379034632","-5.751660270743334","4","26/02/2026 12:27","SALA 112"
,,,,"Santo Emiliano",,,,,"Extinguido",,,,,,,,"26/02/2026 07:48","ADRIAN CASTRO LEIVA"
,,,,"San Justo",,,,,"Extinguido",,"26/02/2026 12:40",,,"43.21197790481734","-5.712375824277031","30","26/02/2026 14:35","SALA 112"
,,,,"VILLANDIO","2 BB MIERES",,,,"Extinguido",,"26/02/2026 15:21","FALSA ALARMA",,"431229N","054148W",,"26/02/2026 15:38","SALA 112"
,,"04/03/2026 18:25",,"URBIÉS",,,,,"Extinguido","Moderado (1)","04/03/2026 18:25",,,"43º 13´ 59""","5º 45´ 8""","12","05/03/2026 02:31","SALA 112"
,,"05/03/2026 08:43",,"LA FELGUERA (TURON)","4 BBS MIERES",,,,"Extinguido","Alto (2)","05/03/2026 08:43","QUEMA MATORRAL Y ARBOLADO PROXIMO A VIVIENDAS. CONFINADO ENTRE PRADOS Y UNA CUADRA DERRUIDA.",,,,,"05/03/2026 10:54","SALA 112"
,,"17/03/2026 22:31",,"URBIES","2 BB. MORGAL Y H/C BB02.",,,,"Extinguido",,"18/03/2026 16:04","REPRODUCCIÓN DE INCENDIO DEL DÍA 17 DE MARZO, COMUNICADA POR PERSONAL DE LAS BRIPAS. ",,,,"15","19/03/2026 16:05","SALA 112"
,,"20/03/2026 14:12",,"BAIÑA",,,,,"Extinguido","Bajo (0)","20/03/2026 16:00","extinguido",,"43º 16´ 31¨","5º 49´ 31¨","1","20/03/2026 16:11","SALA 112"
,,"20/03/2026 22:02",,"Al sur de la Güeria de Urbiés, debajo del pico de la Burra blanca. ","2 BB SMRA",,,,"Extinguido",,"20/03/2026 01:33",,,"43º13'59""","5º45'7""","3","21/03/2026 03:09","SALA 112"
,,"01/03/2026 20:24",,"ARGAME",,,,,"Extinguido",,"01/03/2026 03:45","BB MIERES, EN LA ZONA ALTA , EN UNA PISTA POR ENCIMA DEL INCENDIO. EL INCENDIO ESTÁ APAGADO, NO HAY HUMO, LLAMA NI ASCUAS. BB RETIRA A SU BASE","Bomberos","431745N","055421W",,"02/03/2026 08:32","SALA 112"
,,"01/03/2026 22:40",,"EL PRADIQUIN","2 BB. MORGAL",,,,"Extinguido","Alto (2)","01/03/2026 23:26","00:55 H. RETIRAN BBS. LO DAN POR EXTINGUIDO.",,"431530N","055152W","2,5","02/03/2026 01:38","SALA 112"
,,"02/03/2026 11:53",,"EL PRADIQUIN",,,,,"Extinguido",,"02/03/2026 11:53","1 HA DE MATORRAL",,,,,"02/03/2026 13:43","SALA 112"
,,"03/03/2026 18:53",,"CARDEO","4 BB. PROAZA",,,,"Extinguido","Bajo (0)","03/03/2026 22:13","QUEMA MATORRAL",,"43º 17´ 13""","5º 53´ 35""","5","03/03/2026 23:07","SALA 112"
,,"17/03/2026 16:38",,"ARGAME","2 BOMBEROS DE MIERES RETIRANDO
",,,,"Extinguido",,"17/03/2026 16:38",,,,,,"17/03/2026 18:44","SALA 112"
,,"17/03/2026 21:28",,"LA COLLADA","2 BBS MIERES",,,,"Extinguido",,"17/03/2026 21:28",,,,,,"17/03/2026 22:17","SALA 112"
,,"21/03/2026 14:01",,"PRADIQUÍN, FRENTE AL MONSACRO",,,,,"Extinguido",,"21/03/2026 15:58","INCENDIO EN FALDA DE MONTAÑA. DOS FOCOS DIFERENCIADOS. 15:58 BB LO DAN POR EXTINGUIDO",,,,"1","21/03/2026 16:00","SALA 112"
,,"21/03/2026 20:10",,"EL PRADIQUIN","2 BB MORGAL.",,,,"Extinguido",,"21/03/2026 23:17","BB INDICAN QUE ESTÁ MUY ALTO.
No es posible cuantificar la superficie quemada. ",,"43º15'26""","05º51'20""",,"21/03/2026 23:52","SALA 112"
,,"27/03/2026 20:57",,"N-634, ENTRE EL LLAGAR ESTRADA Y CARNICAS FRANCISCO MARTINEZ","2 BBS SMRA",,,,"Extinguido",,"27/03/2026 20:57",,,,,,"27/03/2026 22:17","SALA 112"
,,,,"Bobia-Demués","3 BB C.ONÍS (PENDIENTES DE
LLEGADA)
",,,,"Extinguido",,,"NO REVISTE PELIGRO
QUEMA MATORRAL
",,"43.349"," -4.993",,"25/02/2026 16:40","ADRIAN CASTRO LEIVA"
,,,,"Sirviella","BRIF
1 Lote
1 BB",,,,"Extinguido",,,"SOLICITAN MEDIOS AÉREOS",,"43.34344374260158","-4.975017278801907",,"26/02/2026 07:51","ADRIAN CASTRO LEIVA"
,,,,"Gamonedo","BB. C.ONIS",,,,"Extinguido",,,"PENDIENTE EXTENSIÓN",,"43.30192368545289","-4.99795164862097",,"26/02/2026 07:53","ADRIAN CASTRO LEIVA"
,,"18/03/2026 15:39",,"La Robellada","2 Bomberos de Cangas de Onís.
Guardería de Cangas de Onís.
Empresa forestal, lote 33",,,,"Extinguido","Bajo (0)","18/03/2026 21:28","Helicóptero retira sin intervenir por proximidad de líneas eléctricas",,"43º20'24""","04º54'52""","5","18/03/2026 21:29","SALA 112"
,,"18/03/2026 22:56",,"Entre Avín y Benia de Onís",,,,,"Extinguido",,"19/03/2026 09:13",,,,,"3","19/03/2026 10:00","SALA 112"
,,"19/03/2026 22:44",,"Benia de Onís",,,,,"Extinguido",,"20/03/2026 00:59","INCENDIO MUY FRAGMENTADO Y CON VARIOS FOCOS DISPERSOS.",,,,,"20/03/2026 02:52","SALA 112"
,,"21/03/2026 00:21",,"La Robellada",,,,,"Extinguido","Moderado (1)","21/03/2026 00:52",,,"43º20'35""","004º55'26""",,"21/03/2026 09:42","SALA 112"
,,"24/03/2026 09:54",,"Soñín / Zona de Gamonedo",,,,,"Extinguido",,"24/03/2026 15:06","QUEMARON 15 HAS DE MATORRAL",,"43 17 20","04 58 25","15","24/03/2026 15:52","SALA 112"
,,"25/03/2026 00:02",,"SIRVIELLA",,,,,"Extinguido",,"25/03/2026 00:02",,,,,"0,5","25/03/2026 03:17","SALA 112"
,,"18/03/2026 20:09",,"Tudela Veguín","BBs Oviedo",,,,"Extinguido",,"18/03/2026 20:09",,,,,,"18/03/2026 21:39","SALA 112"
,,"19/03/2026 17:09",,"Polígono de Olloniego II, junto al campo de fútbol Arturo Villar. ","Bomberos de Oviedo. ",,,,"Extinguido",,"19/03/2026 17:09",,,"43º19'9""","05º48'4""",,"19/03/2026 20:26","SALA 112"
,,"24/03/2026 20:27",,"LAS CALDAS","BOMBEROS OVIEDO",,,,"Extinguido",,"24/03/2026 20:27",,,,,,"25/03/2026 01:40","SALA 112"
,,,,"Las Coronas","BB. CONIS",,,,"Extinguido",,"26/02/2026 13:20",,,"43.42148384167111","-5.176425705979611","7","26/02/2026 13:20","SALA 112"
,,"26/02/2026 16:29",,"Cuadroveña",,,,,"Extinguido","Bajo (0)","26/02/2026 18:17","QUEMA MATORRAL SIN MUCHO PELIGRO SEGUN AMN","Guardería","432322N","051109W",,"26/02/2026 18:17","SALA 112"
,,"02/03/2026 04:14",,"ABALLE, AL SW","2 BB. C. DE ONIS",,,,"Extinguido",,"02/03/2026 06:11","EL INCENDIO LO VEÍAN DESDE VILLAVERDE DE C. DE ONIS, BB. VERIFICARON QUE PODRIA TRATARSE DEL INCENDIO DE SAN ROMAN EN AMIEVA, PÈRO ES OTRO INCENDIO. AL FINAL LO UBICAN AL SW DE ABALLE, NO SABEN PRECISAR MÁS, VAN A INTENTAR ACERCARSE MÁS A LA ZONA. 06:35 H. SE TRATÓ DE UNA FALSA ALARMA.","Bomberos",,,,"02/03/2026 06:42","SALA 112"
,,"18/03/2026 20:19",,"Llames de Parres","3 Bomberos de Piloña. ",,,,"Extinguido","Moderado (1)","18/03/2026 21:00",,,"43º21'14""","005º12'56""","1","18/03/2026 21:55","SALA 112"
,,"21/03/2026 18:42",,"MOTA CETIN",,,,,"Extinguido","Bajo (0)","21/03/2026 20:26",,,"43 22 23N","05 10 38 O","0,05","21/03/2026 21:42","SALA 112"
,,,,"Alles",,,,,"Extinguido",,,,,"43.339045821515434","-4.700026480808428",,"26/02/2026 07:57","ADRIAN CASTRO LEIVA"
,,,,"Llonín",,,,,"Extinguido",,"26/02/2026 12:19",,,"43.338","-4.649","35","26/02/2026 12:20","SALA 112"
,,"04/03/2026 21:30",,"ROZAGAS",,,,,"Extinguido",,"04/03/2026 21:30",,"Nadie","43º 19´ 38""","4º 46´1""","1","05/03/2026 09:03","SALA 112"
,,"22/03/2026 11:04",,"ROZAGAS",,,,,"Extinguido",,"23/03/2026 10:00","QUEMARON 3 HAS DE MONTE BAJO ENTRE PEÑAS",,,,,"23/03/2026 11:40","SALA 112"
,,"22/03/2026 13:00",,"ENTRE ROZAGAS Y ALLES","QUEDA ACTIVO",,,,"Extinguido",,"22/03/2026 13:00",,,,,,"22/03/2026 15:42","SALA 112"
,,"19/03/2026 18:09",,"ALEVIA, ladera pico Jana","SE UNE ESTE INCENDIO CON EL DE LLANES LA BORBOLLA. SEGÚN LOS BOMBEROS EN ZONA, ES EL MISMO, AUNQUE EL JEFE DE ZONA LUEGO INDICA QUE NO. ",,,,"Extinguido",,"20/03/2026 18:47","REVISAN A LA 06:00 DÍA 21/03","Bomberos","43º21'05""","004º37'34""",,"21/03/2026 09:10","SALA 112"
,,"23/03/2026 23:09",,"SIEJO",,,,,"Extinguido",,"23/03/2026 00:31","LO DAN POR EXTINGUIDO",,"43 19 42 N","4 35 8 O","0,5","24/03/2026 01:14","SALA 112"
,,,,"Rozapanera","4 BB Piloña
Lote 27",,,,"Extinguido",,,,,"43.287","-5.368",,"25/02/2026 16:11","ADRIAN CASTRO LEIVA"
,,,,"Porciles",,,,,"Extinguido",,"26/02/2026 13:27",,,"43.303","-5.335",,"26/02/2026 13:27","SALA 112"
,,,,"Pesquerín",,,,,"Extinguido",,,,,"43.33685081862673","-5.280977069159735","0,2","26/02/2026 13:29","SALA 112"
,,,,"Vegarrionda",,,,,"Extinguido",,"26/02/2026 13:29",,,"43.30913437668005","-5.413166370189767","8","26/02/2026 13:29","SALA 112"
,,,,"La Cueva",,,,,"Extinguido",,"26/02/2026 12:21",,,"43.35030069920145","-5.386603816041107","50","21/03/2026 08:33","SALA 112"
,,,,"La Armada",,,,,"Extinguido",,"26/02/2026 12:13",,,"43.32276561230018","-5.268098468029614","40","26/02/2026 12:14","SALA 112"
,,"26/02/2026 18:14",,"CARDES",,,,,"Extinguido",,"26/02/2026 18:14","19:24 PERSONAL DE LA BRIPA VE UN  FRENTE LARGO. LA COLUMNA DE HUMO ES BASTANTE OSCURA  Y DENSA","Guardería","432134N","051822W",,"26/02/2026 21:11","SALA 112"
,,"26/02/2026 20:35",,"ESPINAREDO (PICU FRESNO)","2 BB PILOÑA",,,,"Extinguido","Moderado (1)","26/02/2026 20:35",,,"431657N","051943W",,"26/02/2026 22:46","SALA 112"
,,"26/02/2026 21:11",,"PRIEDE",,,,,"Extinguido",,"26/02/2026 21:11","QUEMARON 10 HAS DE HELECHO Y HOJARASCA. NO PRECISA REVISION","Nadie","432036N","051538W",,"27/02/2026 01:49","SALA 112"
,,"26/02/2026 21:21",,"CARDES",,,,,"Extinguido","Bajo (0)","26/02/2026 21:21",,,"432020N","051922W",,"26/02/2026 21:22","SALA 112"
,,"01/03/2026 13:28",,"OTERO","H/C BB-01 + 2 BB DE C. DE ONÍS+ GUARDERÍA FORESTAL. ",,,,"Extinguido",,"01/03/2026 13:28","INCENDIO VISTO POR HELICÓPTERO EN CAMINO A OTRO INCENDIO EN PONGA QUE RESULTÓ SER UNA QUEMA. 
NO TIENE PELIGRO. QUEMAN MONTONES DE HIERBA, EN BRAÑA. ",,,,,"01/03/2026 13:44","SALA 112"
,,"03/03/2026 07:56",,"EL Moro - Sierra del Sellón","5 BB DE PILOÑA
BB01
2 BB CANGAS DE ONIS",,,,"Extinguido","Moderado (1)","04/03/2026 04:15","DOS FRENTES SEPARADOS 500 M. ZONA DE MATORRAL. // 23:56 H. FLANCO IDO. CONTROLADO. // 00:27 H. BAJAN DE IGP ALTO A MODERADO // 03:27 H. 3 BB RETIRAN. TRABAJAN EN EL FLANCO DERECHO. // 04:08 H. TRABAJOS A MITAD DE LADERA, COOPERATIVA RETIRA. ",,"43º 16´ 20""","5º 23´ 36""","0,01","04/03/2026 12:21","SALA 112"
,,"02/03/2026 13:23",,"LOZANA","2 BB DE PILOÑA",,,,"Extinguido",,"02/03/2026 13:23","BB EN EL LUGAR QUEMA PASTIZAL Y HELECHO POR DEBAJO DE BOSQUE AUTÓCTONO (ABEDULES), QUEMAN UNOS 15 M. EN PRINCIPIO, SE ARREGLAN.",,"43º19´35´´N","05º22`31´´W","1,5","02/03/2026 15:54","SALA 112"
,,"02/03/2026 17:52",,"Porciles",,,,,"Extinguido",,"02/03/2026 17:52",,,"43º 18´  36""","5º  21´ 6""",,"12/03/2026 15:40","SALA 112"
,,"03/03/2026 08:26",,"ENTRE EL MORO Y RIOFABAR, SIERRA DEL SELLÓN",,,,,"Extinguido","Moderado (1)","03/03/2026 08:26",,,"43.273432","5.397223",,"03/03/2026 21:54","SALA 112"
,,"04/03/2026 20:06",,"RIOFABAR",,,,,"Extinguido",,"04/03/2026 20:06",,,"43º 16´ 44""","5º 21´ 44""","20","05/03/2026 05:13","SALA 112"
,,"17/03/2026 16:37",,"PESQUERIN","L",,,,"Extinguido",,"17/03/2026 16:37",,,,,,"17/03/2026 21:26","SALA 112"
,,"17/03/2026 17:23",,"EL PICO",,,,,"Extinguido",,"19/03/2026 19:30","BB INFORMAN QUE EL INCENDIO DEBE SER REVISADO POR GUARDERÍA PARA VALORAR EXTENSIÓN, EN EL MOMENTO DE LA RETIRADA YA NO HABIA LLAMA.
Quemaron 8 ha de matorral y algo de arbolado disperso, según informa el agente medioambiental. ","Guardería",,,"8","18/03/2026 19:34","SALA 112"
,,"20/03/2026 08:08",,"CUEVAS",,,,,"Extinguido",,"20/03/2026 16:55","--BOMBEROS LO DAN POR EXTINGUIDO. NO PUEDEN FACILITAR SUPERFICIE.","Bomberos",,,,"21/03/2026 07:45","SALA 112"
,,"20/03/2026 11:07",,"LA MATOSA",,,,,"Extinguido",,"20/03/2026 11:07","TOTALMENTE INACCESIBLE
ALGUNA CABAÑA DE PASTORES AISLADA POR LA ZONA",,"43º 19´ 7¨","5º 15´ 38¨ ","3","20/03/2026 17:17","SALA 112"
,,"21/03/2026 18:10",,"BORINES",,,,,"Extinguido",,"21/03/2026 18:45","QUEMA HIERBA AL LADO DE LA CARRETERA",,"43 23 20 N","5 19 09 O","0,05","21/03/2026 19:28","SALA 112"
,,"22/03/2026 13:07",,"SORRIBAS",,,,,"Extinguido",,"22/03/2026 13:07",,,,,,"22/03/2026 15:40","SALA 112"
,,"22/03/2026 19:24",,"TORÍN",,,,,"Extinguido",,"22/03/2026 19:24",,,,,,"22/03/2026 20:34","SALA 112"
,,"24/03/2026 20:26",,"RIOFABAR",,,,,"Extinguido",,"24/03/2026 22:18","QUEMAN 2 HS DE MATORRAL",,,,,"24/03/2026 22:28","SALA 112"
,,"24/03/2026 20:47",,"CAPAREDA, OBANA",,,,,"Extinguido",,"24/03/2026 22:01","Revisado por BBS 02 no se divisan humos ni puntos calientes.","Bomberos",,,,"25/03/2026 09:32","SALA 112"
,,"24/03/2026 21:33",,"INFIESTO",,,,,"Extinguido",,"24/03/2026 21:33",,,,,,"25/03/2026 03:14","SALA 112"
,,"24/03/2026 22:12",,"VIYAO",,,,,"Extinguido",,"24/03/2026 22:12","INCENDIO CON MUCHOS PUNTOS CALIENTES. SIGUEN TRABAJANDO.","Guardería",,,,"25/03/2026 11:57","SALA 112"
,,"25/03/2026 01:06",,"LA FRECHA",,,,,"Extinguido",,"25/03/2026 01:06",,"Guardería",,,,"25/03/2026 06:18","SALA 112"
,,,,"Cazo","1 BB
Lote 30
BB02
MZ Iglesuela",,,,"Extinguido",,,,,"43.26893622966849","-5.206114005895235",,"26/02/2026 08:01","ADRIAN CASTRO LEIVA"
,,,,"Beleño","GUARDERIA",,,,"Extinguido",,,"QUEMA ZONA DE HELECHOS
SIN PELIGRO",,"43.194722","-5.159722",,"26/02/2026 08:02","ADRIAN CASTRO LEIVA"
,,"26/02/2026 16:06",,"SOBREFOZ","2 BB CANGAS DE ONIS",,,,"Extinguido",,"26/02/2026 15:23","FALSA ALARMA",,"431015N","051034W",,"26/02/2026 16:06","SALA 112"
,,"01/03/2026 12:57",,"Pico Pierzu, zona Norte","H/C BB-01 + 2 BB C. ONÍS
GUARDERÍA FORESTAL",,,,"Extinguido",,"01/03/2026 12:57","
NO HAY ACCESO RODADO, ESTÁ MUY ALTO. 

QUEMA CONTROLADA. CONFIRMADO POR GUARDERÍA FORESTAL. SE ANULAN MEDIOS. ",,,,,"01/03/2026 13:33","SALA 112"
,,"18/03/2026 12:33",,"ABIEGOS Y SOBREFOZ",,,,,"Extinguido",,"18/03/2026 06:26","06:25 h.  - Retiran BB  a base. // Incendio en cresta, inaccesible. 
Revisan por la mañana.","Nadie",,,"7","18/03/2026 12:49","SALA 112"
,,"24/03/2026 14:19",,"PICO MAOÑO, ZONA DE VALLE DE MORO",,,,,"Extinguido","Bajo (0)","25/03/2026 19:40","QUEMA MATORRAL SIN DETERMINAR EXTENSIÓN","Nadie",,,,"25/03/2026 19:48","SALA 112"
,,"24/03/2026 20:47",,"LINARES",,,,,"Extinguido",,"24/03/2026 20:47",,,,,"4","25/03/2026 01:30","SALA 112"
,,"02/03/2026 20:19",,"RICABO",,,,,"Extinguido","Bajo (0)","03/03/2026 22:08","REACTIVACIÓN. EN PARTE ALTA DE LA MONTAÑA
22:08 2 BB. MORGAL RETIRAN.","Guardería","43º 6´ 45""","5º  58´ 33""","8","04/03/2026 10:05","SALA 112"
,,"20/03/2026 19:59",,"Las LLanas",,,,,"Extinguido",,"20/03/2026 21:12"," 21:12 EXTINGUIDO",,,,,"20/03/2026 22:08","SALA 112"
,,"27/03/2026 19:32",,"Bermiego","2 BBS PROAZA",,,,"Extinguido",,"27/03/2026 19:32","BOMBEROS NO LO VEN. SE APAGO POR SI SOLO.",,,,,"27/03/2026 20:20","SALA 112"
,,"26/02/2026 18:05",,"LLOVIO","GUARDIA CIVIL",,,,"Extinguido",,"26/02/2026 18:05","PERSONA PRENDIENDO FUEGO JUNTO AL RIO, NO REQUIEREN BOMBEROS","Guardería","432620N","050320W",,"26/02/2026 18:38","SALA 112"
,,"28/02/2026 11:15",,"Carreta A-8, p.k.-315, PI de Guadamía","DOS BOMBEROS DE LLANES PARA UN INCENDIO FORESTAL. ",,,,"Extinguido",,"28/02/2026 11:40","ALERTANTE INDICA QUE VE MUCHO HUMO METIDO EN MONTE. 
BOMBEROS EN EL LUGAR INDICAN QUE SE TRATA DE UNA FALSA ALARMA. ",,,,,"28/02/2026 12:01","SALA 112"
,,"04/03/2026 12:12",,"Área recreativa Viapará","GMN",,,,"Extinguido",,"04/03/2026 12:12","Quema controlada",,,,,"05/03/2026 08:39","SALA 112"
,,,,"Buscabrero","3 BB GRADO",,,,"Extinguido",,,,,"43.45383999397854","-6.308376265964583","1","25/02/2026 16:54","ADRIAN CASTRO LEIVA"
,,"21/03/2026 13:45",,"FAEDO","2 BB TINEO + LOTE 31 ",,,,"Extinguido","Moderado (1)","21/03/2026 18:26","QUEMA MATORRAL AL LADO DE VIVIENDA, SEGÚN PARTICULAR. 18:26 CONTROLADO",,,,,"22/03/2026 01:50","SALA 112"
,,"24/03/2026 14:34",,"LAS GALLINAS",,,,,"Extinguido","Bajo (0)","24/03/2026 14:34","QUEMAN 2 HAS DE MATORRAL",,,,"2","24/03/2026 21:32","SALA 112"
,,"26/02/2026 16:28",,"RIOLAPIEDRA","3 BB SMRA",,,,"Extinguido",,"26/02/2026 15:27","FALSA ALARMA",,"431533N","053527W",,"26/02/2026 16:28","SALA 112"
,,"26/02/2026 20:47",,"LA ROTURA","2 BB SMRA",,,,"Extinguido",,"26/02/2026 20:47","QUEMA UN ARBOL AISLADO JUNTO A CARRETERA","Guardería","431706N","053653W",,"26/02/2026 20:59","SALA 112"
,,"03/03/2026 11:16",,"LA CASILLA","2BB DE SMRA",,,,"Extinguido",,"03/03/2026 11:16",,,,,,"03/03/2026 14:25","SALA 112"
,,"04/03/2026 15:56",,"LOS ARTOS",,,,,"Extinguido",,"04/03/2026 15:56",,,,,,"04/03/2026 18:46","SALA 112"
,,"21/03/2026 20:07",,"EL MADREÑERO","2 BB SMRA",,,,"Extinguido",,"21/03/2026 21:11","Queman varios tocones en las cercanías del depósito de agua. ",,"43º28'2""","6º0'30""",,"22/03/2026 02:07","SALA 112"
,,"04/03/2026 18:03",,"LAMUÑO","2 BB DE LA MORGAL",,,,"Extinguido",,"04/03/2026 18:03",,,,,,"04/03/2026 21:02","SALA 112"
,,"18/03/2026 20:08",,"Tiñana","2 bb Morgal",,,,"Extinguido",,"18/03/2026 21:28",,,,,,"18/03/2026 21:28","SALA 112"
,,,,"La Falguera","2 BB Grado
BRIF Tineo
2 Lotes
BB01 (Hasta llegada BRIF)",,,,"Extinguido",,,,,"43.129348224376415","-6.229474305918906",,"26/02/2026 08:02","ADRIAN CASTRO LEIVA"
,,"26/02/2026 16:32",,"Sierra de la Cabra","2 BB SOMIEDO",,,,"Extinguido",,"26/02/2026 16:33","FALSA ALARMA SE TRABATA DEL INCENDIO DE PARADA LA VIEJA (CANGAS NARCEA)",,"431102N","062007W",,"26/02/2026 17:17","SALA 112"
,,"26/02/2026 16:33",,"LA FALGUERA","GUARDERÍA",,,,"Extinguido",,"01/03/2026 15:30","
",,"430658N","061314W",,"03/03/2026 13:05","SALA 112"
,,"28/02/2026 19:04",,"VALLE DEL LAGO",,,,,"Extinguido",,"28/02/2026 19:58","QUEMA MATORRAL AL LADO DE LA CARRETERA",,,,"0,03","28/02/2026 20:05","SALA 112"
,,,,"Vigidel",,,,,"Extinguido",,"26/02/2026 12:27","sin determinar extensión",,"43.14270559784672","-6.144841154584782",,"26/02/2026 12:28","SALA 112"
,,"01/03/2026 19:44",,"CUÑA","4 BB PROAZA",,,,"Extinguido",,"01/03/2026 22:42","INFORMA GUARDA.QUEMA MATORRAL SIN PELIGRO. 22:42 CONTROLADO
23:10 H. INCENDIO EXTINGUIDO, RETIRAN A BASE.",,,,"1","02/03/2026 01:20","SALA 112"
,,"17/03/2026 17:32",,"ENTRE GRADURA Y LA SENDA DEL OSO",,,,,"Extinguido",,"17/03/2026 17:32",,,,,,"17/03/2026 20:25","SALA 112"
,,,,"Piedratecha","BB TINEO.",,,,"Extinguido",,"26/02/2026 13:22",,,"43.32808488982674","-6.474536187161833","0,1","26/02/2026 13:23","SALA 112"
,,"02/03/2026 09:54",,"LOS TORNOS",,,,,"Extinguido",,"02/03/2026 09:54",,"Guardería","06º22´ 18.0´´W","43º13´9.0´´N","40","02/03/2026 21:06","SALA 112"
,,"03/03/2026 21:07",,"LA CASA´L PUERTO",,,,,"Extinguido",,"04/03/2026 06:00","SEIS FOCOS BASTANTE DISTANTES ENTRE SÍ. QUEMA MONTE RASO SIN PELIGRO.
01:53 H. BB. INDICAN QUE HAY UNA DISTANCIA DE 3 KMS. ENTRE EL PRIMER Y EL ÚLTIMO FOCO. SEIS YA EXTINGUIDOS. // 06:00 H. QUEDA POR EXTINGUIR UN FOCO DE 50 MTS.// EXTINGUIDO. 
",,,,,"04/03/2026 08:20","SALA 112"
,,"20/03/2026 02:38",,"TUÑA","------ PENDIENTE DE EXTENSIÓN",,,,"Extinguido",,"20/03/2026 02:44","Dos focos sin mucha extensión ni peligro.",,,,,"20/03/2026 07:27","SALA 112"
,,"20/03/2026 20:50",,"El Pedregal","2 BB TINEO. BB INDICAN QUE ESTÁ RODEADO DE PRADOS, AHORA ES IMP",,,,"Extinguido",,"20/03/2026 21:34"," BB INDICAN QUE ESTÁ RODEADO DE PRADOS, AHORA ES IMPRUDENTE TRABAJAR ALLI. SE QUEDAN VIGILANDO",,,,"2","20/03/2026 23:41","SALA 112"
,,"22/03/2026 21:05",,"FUENTES",,,,,"Extinguido","Bajo (0)","23/03/2026 01:50","EXTINGUIDO",,"43 25 23 N","6 35 6 O",,"23/03/2026 01:51","SALA 112"
,,"25/03/2026 00:14",,"LA CEBEDAL",,,,,"Extinguido",,"25/03/2026 00:14",,"Nadie",,,,"25/03/2026 12:07","SALA 112"
,,"30/03/2026 17:05",,"Folgueras del Río",,,,,"Extinguido","Bajo (0)","30/03/2026 20:51","EXTINGUIDO",,"43 26 51 N","6 34 57 O","3","30/03/2026 21:10","SALA 112"
,,"20/03/2026 07:37",,"Espiniella de Arriba",,,,,"Extinguido","Moderado (1)","20/03/2026 18:45","BB LO DAN POR EXTINGUIDO",,"43.48496508360483","-6.337028126212451","3","20/03/2026 19:48","SALA 112"
,,"27/02/2026 03:50",,"ESPINIELLA","2 BBS VALDES
LOTE 31",,,,"Extinguido",,"27/02/2026 17:38","QUEMANDO BAJO ARBOLADO.
RETIRANDO BB. Y COOPERATIVA EXTINGUIDO.",,"43.4855","-6.3333","9","27/02/2026 17:51","SALA 112"
,,"20/03/2026 08:02",,"ESPINIELLA DE ARRIBA, CERCA DE LOS EÓLICOS",,,,,"Extinguido",,"20/03/2026 18:40","18:40 LO DAN POR EXTINGUIDO",,"43º 32´ 49¨","6º  29´ 20¨","3","20/03/2026 18:45","SALA 112"
,,"05/03/2026 09:33",,,,,,,"Extinguido",,"05/03/2026 09:33","Se trataba de una quema controlada en un prado con vigilancia",,,,,"05/03/2026 10:33","SALA 112"
,,"02/03/2026 18:31",,"LA ZORERA",,,,,"Extinguido",,"02/03/2026 18:31","QUEMAN 2 METROS DE RESTOS DE CORTA. ",,"43º 27´ 53¨ ","6º  41´ 51""","0,02","02/03/2026 20:13","SALA 112"
"0040-01042026","Incendio Forestal en SIEJO (Peñamellera Baja ) ","01/04/2026 02:01","Peñamellera Baja",,"2BB LLANES (70089)",,,,"Falsa Alarma",,"01/04/2026 03:55","JZONA INFORMADO
COS INDICA QUE SE TRATA DE UN INCENDIO DE BASURA EN UN VERTEDERO, BBS A SU LLEGADA PROCEDEN A SU EXTINCION","Nadie","43.328408","-4.58575",,"01/04/2026 04:06","SALA 112"
"1104-02042026","Incendio Forestal en SANTOSESO (Candamo ) ","02/04/2026 22:46","Candamo",,"4 BBS GRADO 77144",,,,"Falsa Alarma",,"03/04/2026 00:42","SE INFORMA A JZ",,"43.462138","-6.09695",,"02/04/2026 23:36","SALA 112"
"0373-03042026","Incendio Forestal en Grado","03/04/2026 11:16","Grado",,"2 BBS GRADO 77131",,,,"Falsa Alarma",,"03/04/2026 13:13","SE LLAMA A COORDINADOR DE GUARDERÍA SIN ÉXITO",,"43.320529","-6.09706",,"03/04/2026 13:20","SALA 112"
"0395-03042026","Incendio Forestal en BORIES (LES) (Langreo ) ","03/04/2026 11:31","Langreo",,,,,,"Falsa Alarma",,"03/04/2026 13:18","DEBAJO DEL PUEBLO A UNOS 100 METROS. VE HUMO. HAY CASTAÑALES EN LA ZONA. NO HAY ACCESO RODADO.",,"43.310652","-5.71726",,"03/04/2026 13:01","SALA 112"
"1108-03042026","FALSA ALARMA","03/04/2026 21:31","San Martín del Rey Aurelio","VILLAR",,,,,"Falsa Alarma",,"03/04/2026 22:03","AUX NO VIERON NI OLIERON NADA",,,,,"03/04/2026 22:13","SALA 112"
"1089-03042026","Incendio Forestal en ARECES (Regueras (Las) ) ","03/04/2026 21:31","Regueras (Las)","ARECES",,,,,"Falsa Alarma",,"03/04/2026 23:18",,,"43.407096","-5.99625",,"03/04/2026 23:45","SALA 112"
"0598-04042026","Incendio Forestal en Piloña","04/04/2026 13:46","Piloña",,,,,,"Falsa Alarma",,"04/04/2026 15:34","QUEMA MATORRAL BAJO CERCA DE UNA PISTA DE HORMIGON  PUEDEN ENTRAR COCHES ALERTANTE ESTÁ EN EL LUGAR SON 20 METROS CUADRADOS Y MAS ARRIBA HAY OTRO FOCO DEL QUE NO SABE SI HAY ACCESO PORQUE SOLO VE HUMO",,"43.309441","-5.44806",,"04/04/2026 14:25","SALA 112"
"1142-04042026","FALSA ALARMA","04/04/2026 21:16","Cangas de Onís","CUERRES",,,,,"Falsa Alarma",,"04/04/2026 23:11",,,"43.373036","-5.00428",,"05/04/2026 01:41","SALA 112"
"0490-05042026","Incendio Forestal en PEN (Amieva ) ","05/04/2026 13:01","Amieva","PEN",,,,,"Falsa Alarma",,"05/04/2026 14:54",,,"43.264002","-5.15389",,"05/04/2026 14:08","SALA 112"
"1014-05042026","Incendio Forestal en GUARDIA (LA) (Navia ) ","05/04/2026 21:01","Navia",,,,,,"Falsa Alarma",,"05/04/2026 22:52","LE HUELE A QUEMADO DESDE POR LA MAÑANA. NO VE INCENDIO EN NINGUN LADO. ALERTANTE INDICA QUE ES ASMATICA PERO RECHAZA ASISTENCIA SANITARIA.",,"43.549516","-6.70563",,"05/04/2026 22:21","SALA 112"
"1080-05042026","FALSA ALARMA","05/04/2026 22:00","Grado","BASELGAS",,,,,"Falsa Alarma",,"05/04/2026 23:21",,,"43.310133","-6.06512",,"06/04/2026 02:53","SALA 112"
"0002-06042026","FALSA ALARMA","06/04/2026 00:16","Bimenes","MONTE CARROZAL",,,,,"Falsa Alarma",,"06/04/2026 00:52","NO SE LOCALIZA NINGÚN INCENDIO EN LA LOCALIZACIÓN INDICADA",,"43.319339","-5.5598",,"06/04/2026 01:33","SALA 112"
"0034-06042026","FALSA ALARMA","06/04/2026 01:16","San Martín del Rey Aurelio","EL CORVERO",,,,,"Falsa Alarma",,"06/04/2026 01:45",,,"43.318517","-5.59862",,"06/04/2026 02:40","SALA 112"
"0043-06042026","FALSA ALARMA","06/04/2026 01:31","Langreo","PICO ESCOBÍN/ PICO ARENERO",,,,,"Falsa Alarma",,"06/04/2026 02:12",,,"43.290493","-5.7009",,"06/04/2026 02:50","SALA 112"
"0065-06042026","Incendio Forestal en BUEÑO (Ribera de Arriba ) ","06/04/2026 02:31","Ribera de Arriba","BUEÑO","2BB MIERES.",,,,"Falsa Alarma",,"06/04/2026 04:21","DA PARTE DE FUEGO EN EL MONTE: LO VE DESDE LA MANJOYA EN DIRECCIÓN HACIA BUEÑO Y LAS SEGADAS. VE LAS LLAMAS EN EL MONTE",,"43.315483","-5.89706",,"06/04/2026 07:58","SALA 112"
"0497-06042026","Incendio Forestal en Cudillero","06/04/2026 15:16","Cudillero",,"2 BB AVILES 77147",,,,"Falsa Alarma",,"06/04/2026 17:10","MOVILIZADOS BB. AVILES  SALEN 2 CON URO 77147",,"43.568551","-6.24822",,"06/04/2026 17:45","SALA 112"
"0559-06042026","Incendio Forestal en CUERRIAS (ESPINAREDO) (Piloña ) ","06/04/2026 16:31","Piloña",,"3 BB PILOÑA (77348)",,,,"Falsa Alarma",,"06/04/2026 18:17","DESDE UNA CABAÑA EN PUENTE MIERA ESTA VIENDO UN FOCO  ES EL MISMO FOCO QUE YA QUEMÓ HACE 2 DIAS",,"43.288628","-5.33247",,"06/04/2026 17:46","SALA 112"
"0560-06042026","Incendio Forestal en Belmonte de Miranda","06/04/2026 16:31","Belmonte de Miranda",,,,,,"Falsa Alarma",,"06/04/2026 18:11","DESDE SOTO DE LOS INFANTES VE UN FOCO EN EL MONTE CAORIO  ES ZONA DE MATORRAL Y PASTO  ACCEDER POR BELMONTE POR BEYO HASTA  BRUEVA",,"43.294777","-6.22945",,"06/04/2026 17:51","SALA 112"
"0586-06042026","Incendio Forestal en Piloña","06/04/2026 16:46","Piloña",,,,,,"Falsa Alarma",,"06/04/2026 18:32","FUEGO ENTRE PUENTE MIERA Y NAVA. MONTE QUE SE QUEMÓ HACE DOS DIAS. VA MUY RÁPIDO. LA CARA OPUESTA. HAY VIVIENDAS CERCA. PICO FELGUEROSO.",,"43.31466","-5.32712",,"06/04/2026 17:47","SALA 112"
"0713-06042026","Incendio Forestal en CABORNA (LA) (Grado ) ","06/04/2026 18:46","Grado","LA CABORNA",,,,,"Falsa Alarma",,"06/04/2026 20:38","AVISA DE UN FOCO DE INCENDIO  DICE QUE HACE UNA MEDIA HORA QUE SE INICIO. LO VE DESDE ARECES (LAS REGUERAS) Y DICE QUE ESTÁ COGIENDO INTENSIDAD.",,"43.380421","-6.01313",,"06/04/2026 20:52","SALA 112"
"0913-06042026","Incendio Forestal en CASTIELLO (Parres ) ","06/04/2026 22:16","Parres",,,,,,"Falsa Alarma",,"06/04/2026 22:55",,,"43.368507","-5.22248",,"07/04/2026 05:30","SALA 112"
"0954-06042026","Incendio Forestal en BASELGAS (Grado ) ","07/04/2026 05:31","Grado","BASELGAS"," ACTIVO SIN PELIGRO_REVISARÁN BB PRAVIA SOBRE 7H",,,,"Falsa Alarma",,"07/04/2026 03:48","BB PRAVIA: EN BASE",,"43.310133","-6.06512",,"07/04/2026 12:15","CAROLINA SECADES CARRILLO"
"0141-07042026","Incendio Forestal en VIESCAS (Salas ) ","07/04/2026 06:46","Salas","Viescas",,,,,"Falsa Alarma",,"07/04/2026 07:40","Resulta ser el mismo incendio que el registrado en el parte número 1162 del día 04 de abril. ",,"43.368388","-6.25569",,"07/04/2026 22:31","SALA 112"
"0566-07042026","Incendio Forestal en PARADIELLA (Tineo ) ","07/04/2026 17:01","Tineo",,,,,,"Falsa Alarma",,"07/04/2026 18:54","Resulta ser el mismo incendio que el de Allande, Bustantigo. ",,"43.3617","-6.65451",,"07/04/2026 17:11","SALA 112"
"0599-07042026","Incendio Forestal en COYA (Piloña ) ","07/04/2026 17:31","Piloña",,,,,,"Falsa Alarma",,"07/04/2026 19:26","GUARDA DE NAVA  INDICA QUE VE ESTE INCENDIO DESDE LA SIERRA DE QUES  POR PARTE DE ARRIBA DE BIERCES/BEROÑES. SE TIENE QUE VER DESDE LA NACIONAL",,"43.364618","-5.40738",,"07/04/2026 18:58","SALA 112"
"0610-07042026","Incendio Forestal en VEGA DE CECEDA (LA) (Nava ) ","07/04/2026 18:01","Nava",,"GF",,,,"Falsa Alarma",,"07/04/2026 19:48","INFORMADO COORDINADOR PARA INCENDIOS  INDICA SE CONTACTA CON GF NAVA  QUE DIO EL AVISO 0599 - COYA  POR SI PODRIA SER EL MISMO INCENDIO O QUE AL ESTAR EN ALTO PUEDA DAR MAS INFORMACION",,"43.354399","-5.44846",,"07/04/2026 22:00","SALA 112"
"0670-07042026","Incendio Forestal en Nava","07/04/2026 19:16","Nava","Sierra de Peñamayor. ",,,,,"Falsa Alarma",,"07/04/2026 21:02","SE LLAMA A COORDINADOR DE GUARDERÍA SIN ÉXITO",,"43.338297","-5.49649",,"07/04/2026 22:03","SALA 112"
"0669-07042026","Incendio Forestal en Cabranes","07/04/2026 19:16","Cabranes","Entre Grandeño y Lodeña. ","Agente medioambiental. ",,,,"Falsa Alarma",,"07/04/2026 21:11",,,"43.391661","-5.38528",,"07/04/2026 22:04","SALA 112"
"0703-07042026","Incendio Forestal en VALLE (Piloña ) ","07/04/2026 19:31","Piloña",,"REVISARA GF",,,,"Falsa Alarma",,"07/04/2026 21:22","VE UN INCENDIO POR ENCIMA DEL PUEBLO.",,"43.340493","-5.33284",,"07/04/2026 20:33","SALA 112"
"0723-07042026","Incendio Forestal en FIGARES (Sariego ) ","07/04/2026 19:46","Sariego",,"2 BBS VILLAVICIOSA",,,,"Falsa Alarma",,"07/04/2026 21:41","SE ALERTA A BBS VILLAVICIOSA  SALEN 2 CON PRIMERA SALIDA Y URO",,"43.415757","-5.52238",,"07/04/2026 20:56","SALA 112"
"0734-07042026","Incendio Forestal en VILLAMAYOR (Piloña ) ","07/04/2026 20:01","Piloña",,,,,,"Falsa Alarma",,"07/04/2026 21:56","Resulta ser el mismo incendio registrado en el parte número 0615 del día 07.04. ",,"43.359573","-5.30619",,"07/04/2026 21:52","SALA 112"
"0754-07042026","Incendio Forestal en VALLES (Piloña ) ","07/04/2026 20:16","Piloña","Valles",,,,,"Falsa Alarma",,"07/04/2026 22:09","Resulta ser el mismo incendio que se registra en el parte número 0615 del día 07.04. ",,"43.367568","-5.3138",,"07/04/2026 22:05","SALA 112"
"0793-07042026","Incendio Forestal en CALABAZOS (Tineo ) ","07/04/2026 20:46","Tineo","Calabazos. ",,,,,"Falsa Alarma",,"07/04/2026 22:36","Resulta ser el mismo incendio que el registrado en el parte número 0701 del día 06.04. ",,"43.313278","-6.31343",,"07/04/2026 22:06","SALA 112"
,,,,"Boo",,,,,"Falsa Alarma",,"26/02/2026 12:30","GUARDA INDICA ES EL MISMO INCENDIO DE COLUMBIELLO (LENA_)",,"43.146","-5.782",,"02/03/2026 16:55","SALA 112"
,,"02/03/2026 14:39",,"CABAÑAQUINTA",,,,,"Falsa Alarma",,"02/03/2026 14:39","Bomberos de Mieres han llegado y no encuentran nada. Falsa alarma. Retiran.",,"43º  9´  41¨","5ª  37´ 19""",,"04/03/2026 00:00","SALA 112"
,,"04/03/2026 21:28",,"CABAÑAQUINTA",,,,,"Falsa Alarma",,"04/03/2026 21:28",,,,,,"04/03/2026 22:24","SALA 112"
,,"31/03/2026 12:00",,"PRUEBA",,"[""Lote 1""]","31/03/2026 12:00","31/03/2026 14:00","Falsa Alarma",,"31/03/2026 12:00",,,,,,"31/03/2026 12:01","ADRIAN CASTRO LEIVA"
,,"20/03/2026 19:22",,"CIGÜEDRES","4 BB. GRADO",,,,"Falsa Alarma",,"20/03/2026 20:41","FUEGO AL LADO DE LA CARRETERA. 20:41 BB NO VEN NADA",,"43º13´46""","6º16´18""",,"20/03/2026 20:44","SALA 112"
,,"02/03/2026 20:36",,"ASIEGO",,,,,"Falsa Alarma",,"02/03/2026 23:15","FUEGO EN ZONA MEDIA/ALTA DE ARBOLADO (SOLO UNA LLAMADA EN VARIAS HORAS). INFORMAN QUE ES UNA FALSA ALARMA. 
ATENDIDO POR 2 BB C. ONIS",,"43º 19´ 32""","4º 51´ 49""",,"04/03/2026 00:31","SALA 112"
,,"04/03/2026 14:34",,"ZARDON",,,,,"Falsa Alarma",,"04/03/2026 14:34","INCENDIO COMUNICADO POR GUARDERIA.",,,,,"04/03/2026 15:55","SALA 112"
,,"04/03/2026 00:31",,"Abantro",,,,,"Falsa Alarma",,"26/02/2026 14:41","COLUMNA DE HUMO EN MEDIO DE ARBOLADO
ATENDIDO POR 3 BB SMRA.",,"43.2037","-5.3898",,"04/03/2026 00:32","SALA 112"
,,"28/03/2026 05:57",,"A-8  SERÍN EN MARGEN DERECHO SENTIDO GIJÓN","2 BB AVILES",,,,"Falsa Alarma",,"28/03/2026 05:57","FUEGO CERCA DE LA CARRETERA",,,,,"28/03/2026 07:28","SALA 112"
,,"19/03/2026 19:13",,"San Adriano del Monte. ","2 Bomberos de Proaza. ",,,,"Falsa Alarma",,"19/03/2026 19:39",,,"43º17'16""","06º3'35""",,"19/03/2026 21:12","SALA 112"
,,"25/03/2026 01:41",,"HISPANES",,,,,"Falsa Alarma",,"25/03/2026 01:41",,,,,,"25/03/2026 02:23","SALA 112"
,,"05/03/2026 15:22",,"Ciaño",,,,,"Falsa Alarma",,"05/03/2026 15:22",,,,,,"05/03/2026 16:00","SALA 112"
,,"03/03/2026 14:07",,"LA ROMÍA",,,,,"Falsa Alarma",,"03/03/2026 14:07",,,,,,"03/03/2026 14:44","SALA 112"
,,"17/03/2026 20:39",,"N-630, PK.85 ","2 BBS DE MIERES",,,,"Falsa Alarma",,"17/03/2026 20:39",,,,,,"17/03/2026 21:06","SALA 112"
,,"17/03/2026 21:29",,"AP-66, PK. 77 DIRECCIÓN LEÓN",,,,,"Falsa Alarma",,"17/03/2026 07:35",,"Nadie",,,,"18/03/2026 07:45","SALA 112"
,,"18/03/2026 20:10",,"Pajares","2 BB Mieres",,,,"Falsa Alarma",,"18/03/2026 20:57",,,,,,"18/03/2026 20:58","SALA 112"
,,"17/03/2026 13:56",,"Al sur del Alto de la Tornería","3 bomberos de La Morgal + BB02. 
",,,,"Falsa Alarma",,"17/03/2026 13:56","A las 14h38 comunica el piloto de BB02 que se trata de una falsa alarma y que retornan a base. ",,"43º 22' 44""","04º 49' 19""",,"17/03/2026 14:49","SALA 112"
,,"18/03/2026 20:26",,"Entre Porrúa y Poo","2 Bomberos de Llanes. ",,,,"Falsa Alarma",,"18/03/2026 20:56",,,,,,"18/03/2026 21:27","SALA 112"
,,"23/03/2026 18:25",,"LA MAÑAGA",,,,,"Falsa Alarma",,"23/03/2026 18:25",,,,,,"23/03/2026 19:02","SALA 112"
,,"13/03/2026 17:19",,"Urbies",,,,,"Falsa Alarma",,"13/03/2026 17:19",,,,,,"13/03/2026 18:03","SALA 112"
,,"18/03/2026 22:19",,"Inmediaciones del Pico Polio.","2 Bomberos de Mieres. ",,,,"Falsa Alarma",,"18/03/2026 22:19",,,"43º13'51""","005º43'5""",,"19/03/2026 02:42","SALA 112"
,,"02/03/2026 10:33",,"LLAMES DE PARRES",,,,,"Falsa Alarma",,"02/03/2026 10:33","NO SE TRATA DE UN INCENDIO FORESTAL SINO DE RESIDUOS URBANOS",,,,,"02/03/2026 11:58","SALA 112"
,,"03/03/2026 20:46",,"EL PICO",,,,,"Falsa Alarma",,"03/03/2026 23:55"," FALSA ALARMA COMPROBADA POR BBS. DE COBALLES TRAS RECORRER LA ZONA CON INDICACIONES DE UNA VECINA DEL LUGAR.",,,,,"04/03/2026 00:01","SALA 112"
,,"17/03/2026 21:27",,"CANTODOVA","2 BBS PILOÑA",,,,"Falsa Alarma",,"17/03/2026 21:27",,,,,,"17/03/2026 21:53","SALA 112"
,,"21/03/2026 18:49",,"EL MORO",,,,,"Falsa Alarma",,"21/03/2026 19:01","BB02 NO VIO NADA",,,,,"21/03/2026 19:11","SALA 112"
,,"22/03/2026 19:27",,"SANTIANES","BOMBEROS NO ENCUENTRAN NADA",,,,"Falsa Alarma",,"22/03/2026 19:27",,,,,,"22/03/2026 20:33","SALA 112"
,,"25/03/2026 10:58",,"PANDAVENES",,,,,"Falsa Alarma",,"25/03/2026 10:58",,,,,,"25/03/2026 11:57","SALA 112"
,,"05/03/2026 02:35",,"Ovanes",,,,,"Falsa Alarma",,"05/03/2026 02:35","AMBULANCIA VE DESDE LA AUTOPISTA HUMO Y FUEGO  EN EL MONTE",,"43º 19´ 14""","6º 5´49""",,"05/03/2026 03:44","SALA 112"
,,"02/03/2026 19:22",,"HUERIA CARROCERA",,,,,"Falsa Alarma",,"02/03/2026 19:22","COMPROBADO POR BB DE SMRA. NO VEN NADA. ",,"43º17´19""","5º37´26""",,"02/03/2026 20:16","SALA 112"
,,"03/03/2026 20:17",,"LA ENCARNADA",,,,,"Falsa Alarma",,"03/03/2026 20:17","VEN MUCHO FUEGO, CASAS CERCA.
FALSA ALARMA ATENDIDA POR 2 BB SMRA",,,,,"04/03/2026 00:32","SALA 112"
,,"04/03/2026 16:16",,"LA CAMPETA",,,,,"Falsa Alarma",,"04/03/2026 16:16",,,,,,"04/03/2026 17:00","SALA 112"
,,"18/03/2026 03:12",,,,,,,"Falsa Alarma",,"18/03/2026 03:12",,,,,,"18/03/2026 04:33","SALA 112"
,,"27/03/2026 19:33",,"FUENTESPINO","2 BBS MORGAL",,,,"Falsa Alarma",,"27/03/2026 19:33",,,,,,"27/03/2026 19:52","SALA 112"
,,"03/03/2026 21:50",,"LAS MORTERAS",,,,,"Falsa Alarma",,"03/03/2026 23:35","FUEGO POR ENCIMA DE LA CARRETERA DE LAS MORTERAS.
23:08 H. BBS. GRADO  EN LA ZONA NO VEN NADA.  
23:35 H. BB LO DAN COMO FALSA ALARMA.",,,,,"04/03/2026 00:02","SALA 112"
,,"05/03/2026 10:55",,"la Riera","GUARDA FORESTAL",,,,"Falsa Alarma",,"05/03/2026 10:55","SE TRATA DEL HUMO DEL INCENDO DE LLAMOSO EN BELMONTE.",,,,,"05/03/2026 12:50","SALA 112"
,,"22/03/2026 12:58",,"VEIGAS, FRENTE A LINARES","1 B DE GRADO+ LOTE 32",,,,"Falsa Alarma","Bajo (0)","22/03/2026 12:58","  ESTE INCENDIO NOS LA HA DADO EL BB-02.
NO ENTRAÑA PELIGRO NINGUNO. VA LENTO. NO AMENAZA ESTRUCTURA. YA LLEVA QUEMADA 1,5 HAS. ",,,,,"22/03/2026 17:00","SALA 112"
,,"17/03/2026 20:37",,"MERILLÉS","2 BBS TINEO",,,,"Falsa Alarma",,"17/03/2026 20:37",,,,,,"17/03/2026 21:22","SALA 112"
,,"18/03/2026 19:56",,"Alto de los Corros","2 bb Tineo.",,,,"Falsa Alarma",,"18/03/2026 20:42",,,"43 24 06","06 24 30",,"18/03/2026 21:18","SALA 112"
"0700-03042026","Incendio Forestal en Peñamellera Baja","03/04/2026 15:46","Peñamellera Baja","BORES-TOBES",,,,,"Quema Controlada",,"03/04/2026 17:42","RESULTÓ SER QUEMA CONTROLADA",,"43.294224","-4.61242",,"03/04/2026 19:31","SALA 112"
"0700-03042026","QUEMA CONTROLADA","03/04/2026 15:50","PEÑAMELLERA BAJA","BORES-TOBES","2 BBS LLANES---RETIRANDO",,,,"Quema Controlada",,"03/04/2026 17:37","RESULTÓ SER QUEMA CONTROLADA",,,,,"03/04/2026 18:06","SALA 112"
"0934-03042026",,"03/04/2026 19:10","QUIRÓS","TORIEZO",,,,,"Quema Controlada",,"03/04/2026 20:12","QUEMA CONTROLADA Y VIGILADA POR GENTE",,,,,"03/04/2026 20:15","SALA 112"
"0389-05042026","Incendio Forestal en Llanes","05/04/2026 11:46","Llanes","Ovio","2 BBS Llanes",,,,"Quema Controlada",,"05/04/2026 12:33","A la llegada de bomberos al lugar se trata de 3 borrones en una finca con una persona vigilando en el lugar",,"43.451108","-4.93917",,"05/04/2026 12:34","SALA 112"
"0140-07042026","Incendio Forestal en CAMPO (EL) (GRANDA) (Siero ) ","07/04/2026 06:31","Siero",,,,,,"Quema Controlada",,"07/04/2026 08:23","SE INICIA UN FUEGO EN EL PRADO A 20M DE LA CASA. CASA DE PIEDRA DE UNA PLANTA. HAY BASTANTE VIENTO. VIVE UNA SEÑORA A LA QUE VA A DESPERTAR.",,,,,"07/04/2026 11:46","CAROLINA SECADES CARRILLO"
,,"24/03/2026 18:50",,"SENDA DESDE EL PUENTE ROMANO HACIA EL PONTÓN",,,,,"Quema Controlada",,"24/03/2026 18:56","ERA UNA QUEMA CONTROLADA CON GENTE",,,,,"24/03/2026 19:15","SALA 112"
,,"22/03/2026 19:02",,"TANES",,,,,"Quema Controlada",,"22/03/2026 19:02",,,,,,"22/03/2026 19:18","SALA 112"
,,"24/03/2026 20:10",,"GAMONAL",,,,,"Quema Controlada",,"24/03/2026 20:10","QUEMAN RESTOS DE CORTA",,,,,"24/03/2026 23:52","SALA 112"
,,"19/03/2026 11:10",,"CORTINA",,,,,"Quema Controlada",,"19/03/2026 12:15",,,,,,"19/03/2026 13:32","SALA 112"
,,"10/03/2026 12:59",,"La Galguera",,,,,"Quema Controlada",,"10/03/2026 12:59",,,,,,"12/03/2026 15:38","SALA 112"
,,"20/03/2026 07:29",,"ALEVIA",,,,,"Quema Controlada",,"20/03/2026 07:29","ERROR ERROR ",,,,,"20/03/2026 07:34","SALA 112"
,,"03/03/2026 13:11",,"PICO BUSTIELLO",,,,,"Quema Controlada",,"03/03/2026 13:11","SE TRATA DE UNA QUEMA CONTROLADA POR GUARDERÍA",,,,,"03/03/2026 14:11","SALA 112"
,,"21/03/2026 13:26",,"CARROCERA","2 BB SMRA",,,,"Quema Controlada",,"21/03/2026 13:26","RESULTA SER QUEMA CONTROLADA",,,,,"21/03/2026 14:00","SALA 112"
,,"19/03/2026 12:32",,"VILLAR",,,,,"Quema Controlada",,"19/03/2026 12:30",,,,,,"19/03/2026 13:32","SALA 112"
,,"23/03/2026 17:49",,"CARRETERA AS-17","2 BB MORGAL",,,,"Quema Controlada",,"23/03/2026 17:49",,,,,,"23/03/2026 18:21","SALA 112"
,,"12/03/2026 16:06",,"Villaviciosa,  A-8 pk-350 , Viaducto de Sebrayo sentido Galicia",,,,,"Quema Controlada",,"12/03/2026 16:06","Quema de matorral en un prado , está el dueño terminando de apagar. Bomberos retirando.",,,,,"12/03/2026 17:16","SALA 112"
